dimension,segment,policy_count,exposure_years,earned_premium,claim_count,incurred_claims,ultimate_claims,claim_frequency,average_severity,loss_ratio
region,Aegean,9001,7697.730396,176508878.69,1262,122679900.95,124014087.08,0.163944,97210.698059,0.695035
region,Black Sea,5434,4625.491098,106335063.65,732,77454789.69,77928764.65,0.158253,105812.554221,0.728403
region,Central Anatolia,11456,9804.756539,215966867.19,1507,162136273.33,163175052.24,0.153701,107588.767969,0.750746
region,Eastern Anatolia,2938,2500.044735,49925801.09,360,33572563.47,33828107.82,0.143997,93257.12075,0.672449
region,Marmara,20403,17479.472571,467034050.64,3220,339908362.54,343209246.83,0.184216,105561.603273,0.727802
region,Mediterranean,7221,6201.360282,148569645.89,1010,105513623.16,105944146.13,0.162867,104468.933822,0.710196
region,Southeastern Anatolia,3547,3056.743092,65820238.88,451,47296356.17,48110480.05,0.147543,104869.969335,0.718569
vehicle_segment,A-Mini,4646,3976.576434,65889761.1,682,42560830.28,42999576.91,0.171504,62405.909501,0.64594
vehicle_segment,B-Compact,14572,12450.019655,248267008.25,2032,145114319.38,147164846.53,0.163213,71414.527254,0.584509
vehicle_segment,C-Medium,17365,14896.561278,361943758.31,2515,258360040.56,259846919.41,0.168831,102727.650322,0.713813
vehicle_segment,D-Large,6023,5168.669958,157699375.89,845,143011666.26,144918753.75,0.163485,169244.575456,0.906863
vehicle_segment,LCV,5390,4605.8552,104365182.98,730,61008921.2,61648721.69,0.158494,83573.864658,0.584572
vehicle_segment,SUV,12004,10267.916188,291995459.5,1738,238506091.63,239631066.51,0.169265,137230.202319,0.816814
usage_type,Commercial,6529,5592.182761,196496068.54,1333,148824773.14,150538655.14,0.238368,111646.491478,0.757393
usage_type,Fleet,3670,3158.834848,86497085.4,559,60274124.74,60859358.54,0.176964,107824.910089,0.696834
usage_type,Private,49801,42614.581104,947167392.09,6650,679462971.43,684811871.12,0.15605,102174.882922,0.717363
sales_channel,Agency,34984,29946.43676,716910049.78,4980,512725438.46,516534328.28,0.166297,102956.915353,0.715188
sales_channel,Bank,8318,7094.346214,169985273.82,1194,130993072.7,132912029.13,0.168303,109709.441122,0.770614
sales_channel,Broker,3421,2945.892953,70780036.72,493,45477842.12,45759253.51,0.167352,92247.14426,0.642524
sales_channel,Direct,13277,11378.922786,272485185.71,1875,199365516.03,201004273.88,0.164778,106328.275216,0.731656
coverage_package,Extended,20219,17298.664816,434110333.77,2773,285954148.3,288982268.29,0.160301,103120.861269,0.658713
coverage_package,Premium,5943,5092.782181,138101392.08,851,88761938.29,89742477.49,0.167099,104303.100223,0.64273
coverage_package,Standard,33838,28974.151716,657948820.18,4918,513845782.72,517485139.02,0.169737,104482.672371,0.780981
