payment_id,claim_id,payment_no,payment_date,payment_amount,payment_type
PAY-00000001,CLM-0000001,1,2024-11-26,44445.7,Indemnity
PAY-00000002,CLM-0000001,2,2024-12-03,44253.53,Indemnity
PAY-00000003,CLM-0000001,3,2025-01-04,19436.42,Indemnity
PAY-00000004,CLM-0000002,1,2025-05-04,7394.06,Indemnity
PAY-00000005,CLM-0000002,2,2025-05-05,3400.58,Indemnity
PAY-00000006,CLM-0000002,3,2025-05-12,2936.51,Indemnity
PAY-00000007,CLM-0000003,1,2024-10-11,6274.36,Indemnity
PAY-00000008,CLM-0000003,2,2024-11-19,12451.8,Indemnity
PAY-00000009,CLM-0000003,3,2025-05-16,38812.49,Indemnity
PAY-00000010,CLM-0000005,1,2024-06-07,9120.6,Indemnity
PAY-00000011,CLM-0000005,2,2024-07-25,28543.7,Indemnity
PAY-00000012,CLM-0000006,1,2025-01-21,10782.2,Indemnity
PAY-00000013,CLM-0000006,2,2025-03-30,8051.16,Indemnity
PAY-00000014,CLM-0000006,3,2025-09-23,19149.14,Indemnity
PAY-00000015,CLM-0000007,1,2024-04-17,238421.71,Indemnity
PAY-00000016,CLM-0000007,2,2024-07-28,73312.18,Indemnity
PAY-00000017,CLM-0000009,1,2025-10-19,229211.12,Indemnity
PAY-00000018,CLM-0000010,1,2024-02-05,80909.8,Indemnity
PAY-00000019,CLM-0000010,2,2024-02-21,7345.96,Indemnity
PAY-00000020,CLM-0000011,1,2023-06-17,17419.3,Indemnity
PAY-00000021,CLM-0000011,2,2023-08-23,39454.69,Indemnity
PAY-00000022,CLM-0000011,3,2023-09-05,9930.44,Indemnity
PAY-00000023,CLM-0000012,1,2024-04-17,2530.18,Indemnity
PAY-00000024,CLM-0000012,2,2024-05-30,3971.22,Indemnity
PAY-00000025,CLM-0000012,3,2024-07-11,11024.83,Indemnity
PAY-00000026,CLM-0000013,1,2024-03-03,11903.73,Indemnity
PAY-00000027,CLM-0000013,2,2024-06-21,22146.54,Indemnity
PAY-00000028,CLM-0000013,3,2024-08-26,32240.29,Indemnity
PAY-00000029,CLM-0000014,1,2025-10-06,35803.55,Indemnity
PAY-00000030,CLM-0000015,1,2024-01-30,9621.2,Indemnity
PAY-00000031,CLM-0000015,2,2024-04-12,20174.75,Indemnity
PAY-00000032,CLM-0000016,1,2024-06-23,93716.69,Indemnity
PAY-00000033,CLM-0000017,1,2025-12-25,21527.69,Indemnity
PAY-00000034,CLM-0000018,1,2025-09-08,22567.92,Indemnity
PAY-00000035,CLM-0000018,2,2025-11-23,30174.27,Indemnity
PAY-00000036,CLM-0000018,3,2025-12-20,70803.41,Indemnity
PAY-00000037,CLM-0000019,1,2025-05-05,58932.87,Indemnity
PAY-00000038,CLM-0000020,1,2024-09-25,8189.28,Indemnity
PAY-00000039,CLM-0000020,2,2024-10-04,14657.87,Indemnity
PAY-00000040,CLM-0000020,3,2024-10-05,3680.8,Indemnity
PAY-00000041,CLM-0000021,1,2024-04-15,4129.13,Indemnity
PAY-00000042,CLM-0000021,2,2024-05-19,15275.9,Indemnity
PAY-00000043,CLM-0000021,3,2024-08-11,15029.18,Indemnity
PAY-00000044,CLM-0000022,1,2024-09-24,35261.4,Indemnity
PAY-00000045,CLM-0000023,1,2025-11-17,72049.01,Indemnity
PAY-00000046,CLM-0000024,1,2024-05-28,3126.94,Indemnity
PAY-00000047,CLM-0000024,2,2024-07-03,1646.41,Indemnity
PAY-00000048,CLM-0000024,3,2024-11-17,2838.74,Indemnity
PAY-00000049,CLM-0000026,1,2025-06-29,4277.23,Indemnity
PAY-00000050,CLM-0000026,2,2025-07-09,1337.06,Indemnity
PAY-00000051,CLM-0000026,3,2025-08-08,320.84,Indemnity
PAY-00000052,CLM-0000028,1,2025-09-23,10488.2,Indemnity
PAY-00000053,CLM-0000028,2,2025-11-02,19726.66,Indemnity
PAY-00000054,CLM-0000029,1,2024-06-12,91205.8,Indemnity
PAY-00000055,CLM-0000030,1,2025-08-06,377751.11,Indemnity
PAY-00000056,CLM-0000030,2,2025-12-31,299249.44,Indemnity
PAY-00000057,CLM-0000031,1,2025-07-25,142638.46,Indemnity
PAY-00000058,CLM-0000032,1,2024-09-23,538334.51,Indemnity
PAY-00000059,CLM-0000033,1,2025-04-01,72818.84,Indemnity
PAY-00000060,CLM-0000034,1,2024-02-28,43584.13,Indemnity
PAY-00000061,CLM-0000034,2,2024-04-26,97160.47,Indemnity
PAY-00000062,CLM-0000035,1,2024-09-26,61511.45,Indemnity
PAY-00000063,CLM-0000035,2,2024-10-15,7627.24,Indemnity
PAY-00000064,CLM-0000035,3,2024-12-17,10300.48,Indemnity
PAY-00000065,CLM-0000036,1,2024-07-26,316457.66,Indemnity
PAY-00000066,CLM-0000037,1,2025-06-09,9930.51,Indemnity
PAY-00000067,CLM-0000037,2,2025-07-11,20207.59,Indemnity
PAY-00000068,CLM-0000037,3,2025-11-24,22622.12,Indemnity
PAY-00000069,CLM-0000038,1,2024-12-27,211933.89,Indemnity
PAY-00000070,CLM-0000038,2,2025-01-16,120246.49,Indemnity
PAY-00000071,CLM-0000038,3,2025-06-08,67281.39,Indemnity
PAY-00000072,CLM-0000039,1,2025-11-01,714.56,Indemnity
PAY-00000073,CLM-0000039,2,2025-12-13,35.44,Indemnity
PAY-00000074,CLM-0000040,1,2025-03-07,15627.4,Indemnity
PAY-00000075,CLM-0000040,2,2025-03-27,72584.83,Indemnity
PAY-00000076,CLM-0000041,1,2024-01-28,6013.93,Indemnity
PAY-00000077,CLM-0000041,2,2024-10-10,13573.61,Indemnity
PAY-00000078,CLM-0000042,1,2023-12-10,2774.3,Indemnity
PAY-00000079,CLM-0000042,2,2024-04-21,419.37,Indemnity
PAY-00000080,CLM-0000042,3,2024-04-27,4233.05,Indemnity
PAY-00000081,CLM-0000043,1,2025-09-06,173238.94,Indemnity
PAY-00000082,CLM-0000044,1,2025-05-18,43787.05,Indemnity
PAY-00000083,CLM-0000045,1,2025-11-08,39293.54,Indemnity
PAY-00000084,CLM-0000045,2,2025-11-30,22534.1,Indemnity
PAY-00000085,CLM-0000046,1,2025-07-07,30967.83,Indemnity
PAY-00000086,CLM-0000046,2,2025-08-15,38943.62,Indemnity
PAY-00000087,CLM-0000046,3,2025-10-08,38145.78,Indemnity
PAY-00000088,CLM-0000047,1,2024-08-10,1760.23,Indemnity
PAY-00000089,CLM-0000047,2,2024-11-09,8580.0,Indemnity
PAY-00000090,CLM-0000047,3,2025-03-19,4928.35,Indemnity
PAY-00000091,CLM-0000048,1,2024-11-03,17191.09,Indemnity
PAY-00000092,CLM-0000048,2,2024-12-04,11767.13,Indemnity
PAY-00000093,CLM-0000049,1,2025-01-07,506464.15,Indemnity
PAY-00000094,CLM-0000051,1,2025-08-07,4383.4,Indemnity
PAY-00000095,CLM-0000052,1,2024-02-07,9568.88,Indemnity
PAY-00000096,CLM-0000052,2,2024-08-01,8165.91,Indemnity
PAY-00000097,CLM-0000053,1,2025-12-22,20432.49,Indemnity
PAY-00000098,CLM-0000056,1,2024-09-04,15199.74,Indemnity
PAY-00000099,CLM-0000056,2,2024-12-19,21036.92,Indemnity
PAY-00000100,CLM-0000057,1,2023-05-02,1667.97,Indemnity
PAY-00000101,CLM-0000057,2,2023-10-11,8693.32,Indemnity
PAY-00000102,CLM-0000058,1,2024-04-27,57731.78,Indemnity
PAY-00000103,CLM-0000058,2,2024-07-10,69145.93,Indemnity
PAY-00000104,CLM-0000059,1,2024-01-30,18072.14,Indemnity
PAY-00000105,CLM-0000061,1,2023-08-28,13119.6,Indemnity
PAY-00000106,CLM-0000061,2,2023-09-25,7789.01,Indemnity
PAY-00000107,CLM-0000062,1,2025-11-24,99633.22,Indemnity
PAY-00000108,CLM-0000063,1,2024-09-21,38499.63,Indemnity
PAY-00000109,CLM-0000064,1,2023-09-07,31108.05,Indemnity
PAY-00000110,CLM-0000064,2,2024-01-20,12040.36,Indemnity
PAY-00000111,CLM-0000065,1,2024-01-02,63441.73,Indemnity
PAY-00000112,CLM-0000065,2,2024-01-30,102377.64,Indemnity
PAY-00000113,CLM-0000066,1,2025-03-31,15521.98,Indemnity
PAY-00000114,CLM-0000066,2,2025-04-03,88379.76,Indemnity
PAY-00000115,CLM-0000067,1,2025-02-19,53376.74,Indemnity
PAY-00000116,CLM-0000068,1,2023-06-19,70916.61,Indemnity
PAY-00000117,CLM-0000068,2,2023-08-10,91487.15,Indemnity
PAY-00000118,CLM-0000069,1,2024-10-11,89517.2,Indemnity
PAY-00000119,CLM-0000069,2,2024-11-12,41770.42,Indemnity
PAY-00000120,CLM-0000070,1,2023-11-01,72324.9,Indemnity
PAY-00000121,CLM-0000070,2,2024-01-18,134520.36,Indemnity
PAY-00000122,CLM-0000071,1,2023-04-22,3396.82,Indemnity
PAY-00000123,CLM-0000071,2,2023-05-21,29557.92,Indemnity
PAY-00000124,CLM-0000071,3,2023-07-14,19776.3,Indemnity
PAY-00000125,CLM-0000072,1,2024-05-28,139368.01,Indemnity
PAY-00000126,CLM-0000073,1,2025-12-25,35895.73,Indemnity
PAY-00000127,CLM-0000074,1,2025-11-25,23510.62,Indemnity
PAY-00000128,CLM-0000074,2,2025-12-02,68475.97,Indemnity
PAY-00000129,CLM-0000075,1,2025-08-03,690.3,Indemnity
PAY-00000130,CLM-0000075,2,2025-08-30,946.09,Indemnity
PAY-00000131,CLM-0000075,3,2025-11-16,1037.19,Indemnity
PAY-00000132,CLM-0000076,1,2025-10-29,32729.51,Indemnity
PAY-00000133,CLM-0000077,1,2025-06-20,13581.87,Indemnity
PAY-00000134,CLM-0000078,1,2024-08-06,7011.0,Indemnity
PAY-00000135,CLM-0000078,2,2024-08-19,10627.78,Indemnity
PAY-00000136,CLM-0000078,3,2025-05-19,21363.55,Indemnity
PAY-00000137,CLM-0000079,1,2024-06-29,15665.2,Indemnity
PAY-00000138,CLM-0000079,2,2024-07-02,21923.48,Indemnity
PAY-00000139,CLM-0000080,1,2023-11-20,42251.4,Indemnity
PAY-00000140,CLM-0000081,1,2025-04-02,15525.46,Indemnity
PAY-00000141,CLM-0000081,2,2025-10-15,37314.73,Indemnity
PAY-00000142,CLM-0000082,1,2024-03-11,5500.42,Indemnity
PAY-00000143,CLM-0000082,2,2024-04-04,17861.47,Indemnity
PAY-00000144,CLM-0000082,3,2024-04-10,10307.65,Indemnity
PAY-00000145,CLM-0000084,1,2025-11-06,35921.18,Indemnity
PAY-00000146,CLM-0000085,1,2024-11-29,27608.14,Indemnity
PAY-00000147,CLM-0000085,2,2025-02-13,13865.48,Indemnity
PAY-00000148,CLM-0000085,3,2025-04-12,8568.48,Indemnity
PAY-00000149,CLM-0000086,1,2025-08-18,115203.01,Indemnity
PAY-00000150,CLM-0000087,1,2025-01-20,13316.65,Indemnity
PAY-00000151,CLM-0000087,2,2025-04-28,1593.53,Indemnity
PAY-00000152,CLM-0000087,3,2025-08-24,5217.88,Indemnity
PAY-00000153,CLM-0000088,1,2024-09-04,18240.3,Indemnity
PAY-00000154,CLM-0000088,2,2024-10-12,4905.43,Indemnity
PAY-00000155,CLM-0000088,3,2024-11-19,45735.07,Indemnity
PAY-00000156,CLM-0000089,1,2025-08-15,72937.89,Indemnity
PAY-00000157,CLM-0000090,1,2025-02-28,37352.86,Indemnity
PAY-00000158,CLM-0000090,2,2025-03-22,13625.18,Indemnity
PAY-00000159,CLM-0000091,1,2024-07-01,25847.46,Indemnity
PAY-00000160,CLM-0000091,2,2024-07-28,12401.93,Indemnity
PAY-00000161,CLM-0000092,1,2024-07-31,151896.15,Indemnity
PAY-00000162,CLM-0000093,1,2023-12-26,25135.22,Indemnity
PAY-00000163,CLM-0000094,1,2024-01-17,18815.77,Indemnity
PAY-00000164,CLM-0000095,1,2025-05-25,60049.53,Indemnity
PAY-00000165,CLM-0000095,2,2025-11-23,81449.15,Indemnity
PAY-00000166,CLM-0000096,1,2025-03-29,10092.7,Indemnity
PAY-00000167,CLM-0000096,2,2025-05-04,31669.14,Indemnity
PAY-00000168,CLM-0000096,3,2025-12-23,31060.76,Indemnity
PAY-00000169,CLM-0000099,1,2024-03-06,58221.88,Indemnity
PAY-00000170,CLM-0000100,1,2025-05-03,15522.43,Indemnity
PAY-00000171,CLM-0000100,2,2025-07-30,9627.15,Indemnity
PAY-00000172,CLM-0000101,1,2025-07-25,41313.05,Indemnity
PAY-00000173,CLM-0000101,2,2025-12-22,43048.01,Indemnity
PAY-00000174,CLM-0000102,1,2024-12-19,11972.98,Indemnity
PAY-00000175,CLM-0000102,2,2025-01-24,51307.81,Indemnity
PAY-00000176,CLM-0000102,3,2025-03-08,65117.76,Indemnity
PAY-00000177,CLM-0000104,1,2023-09-19,7235.17,Indemnity
PAY-00000178,CLM-0000104,2,2023-09-27,2462.35,Indemnity
PAY-00000179,CLM-0000104,3,2023-09-28,4570.03,Indemnity
PAY-00000180,CLM-0000105,1,2024-08-12,3812.03,Indemnity
PAY-00000181,CLM-0000105,2,2024-09-15,4555.01,Indemnity
PAY-00000182,CLM-0000105,3,2024-09-25,2160.28,Indemnity
PAY-00000183,CLM-0000106,1,2024-09-05,2124.85,Indemnity
PAY-00000184,CLM-0000108,1,2023-04-23,3863.67,Indemnity
PAY-00000185,CLM-0000108,2,2023-06-01,12357.34,Indemnity
PAY-00000186,CLM-0000108,3,2023-11-30,9560.33,Indemnity
PAY-00000187,CLM-0000110,1,2025-04-20,6521.49,Indemnity
PAY-00000188,CLM-0000110,2,2025-05-30,12395.63,Indemnity
PAY-00000189,CLM-0000111,1,2024-12-16,123950.4,Indemnity
PAY-00000190,CLM-0000112,1,2025-09-09,3795.58,Indemnity
PAY-00000191,CLM-0000112,2,2025-10-15,8029.01,Indemnity
PAY-00000192,CLM-0000113,1,2023-11-09,42766.82,Indemnity
PAY-00000193,CLM-0000113,2,2024-01-09,13940.31,Indemnity
PAY-00000194,CLM-0000114,1,2024-05-05,4585.71,Indemnity
PAY-00000195,CLM-0000115,1,2024-05-08,6408.21,Indemnity
PAY-00000196,CLM-0000115,2,2024-08-25,8497.58,Indemnity
PAY-00000197,CLM-0000118,1,2024-07-09,27283.29,Indemnity
PAY-00000198,CLM-0000118,2,2024-09-16,24086.78,Indemnity
PAY-00000199,CLM-0000119,1,2025-03-19,6090.26,Indemnity
PAY-00000200,CLM-0000120,1,2023-10-21,34928.68,Indemnity
PAY-00000201,CLM-0000120,2,2024-01-08,27984.42,Indemnity
PAY-00000202,CLM-0000121,1,2023-10-27,6334.36,Indemnity
PAY-00000203,CLM-0000121,2,2023-12-01,7313.3,Indemnity
PAY-00000204,CLM-0000122,1,2023-07-09,5685.1,Indemnity
PAY-00000205,CLM-0000122,2,2023-08-11,6271.37,Indemnity
PAY-00000206,CLM-0000122,3,2023-08-19,2704.35,Indemnity
PAY-00000207,CLM-0000123,1,2024-10-25,51191.08,Indemnity
PAY-00000208,CLM-0000124,1,2024-07-08,4126.85,Indemnity
PAY-00000209,CLM-0000124,2,2024-07-12,6577.37,Indemnity
PAY-00000210,CLM-0000124,3,2025-07-17,22145.04,Indemnity
PAY-00000211,CLM-0000125,1,2023-10-11,16205.41,Indemnity
PAY-00000212,CLM-0000125,2,2024-01-23,63420.72,Indemnity
PAY-00000213,CLM-0000125,3,2024-04-03,8485.84,Indemnity
PAY-00000214,CLM-0000126,1,2024-06-25,34788.76,Indemnity
PAY-00000215,CLM-0000128,1,2023-12-29,23229.19,Indemnity
PAY-00000216,CLM-0000128,2,2024-01-19,25360.64,Indemnity
PAY-00000217,CLM-0000129,1,2024-06-16,24103.72,Indemnity
PAY-00000218,CLM-0000130,1,2023-11-10,2786.6,Indemnity
PAY-00000219,CLM-0000130,2,2024-06-04,22315.06,Indemnity
PAY-00000220,CLM-0000131,1,2024-08-15,4745.93,Indemnity
PAY-00000221,CLM-0000132,1,2025-08-10,115363.98,Indemnity
PAY-00000222,CLM-0000135,1,2023-11-29,9361.61,Indemnity
PAY-00000223,CLM-0000136,1,2024-10-01,1507.2,Indemnity
PAY-00000224,CLM-0000136,2,2025-02-05,8450.23,Indemnity
PAY-00000225,CLM-0000136,3,2025-07-13,3680.26,Indemnity
PAY-00000226,CLM-0000137,1,2025-02-13,246748.15,Indemnity
PAY-00000227,CLM-0000137,2,2025-04-13,92876.85,Indemnity
PAY-00000228,CLM-0000138,1,2024-06-04,4795.87,Indemnity
PAY-00000229,CLM-0000139,1,2023-09-10,143861.25,Indemnity
PAY-00000230,CLM-0000140,1,2024-06-23,19017.46,Indemnity
PAY-00000231,CLM-0000140,2,2024-07-12,7045.02,Indemnity
PAY-00000232,CLM-0000141,1,2024-02-19,22389.89,Indemnity
PAY-00000233,CLM-0000142,1,2025-09-05,56466.96,Indemnity
PAY-00000234,CLM-0000142,2,2025-09-22,49776.21,Indemnity
PAY-00000235,CLM-0000143,1,2023-11-13,8683.83,Indemnity
PAY-00000236,CLM-0000143,2,2024-08-26,9425.84,Indemnity
PAY-00000237,CLM-0000143,3,2024-09-05,9715.44,Indemnity
PAY-00000238,CLM-0000144,1,2024-10-19,2986.41,Indemnity
PAY-00000239,CLM-0000144,2,2024-11-06,1517.37,Indemnity
PAY-00000240,CLM-0000145,1,2023-11-29,2683.81,Indemnity
PAY-00000241,CLM-0000146,1,2025-04-09,87148.1,Indemnity
PAY-00000242,CLM-0000147,1,2024-11-14,8290.3,Indemnity
PAY-00000243,CLM-0000147,2,2024-12-24,26034.95,Indemnity
PAY-00000244,CLM-0000147,3,2025-01-16,27604.06,Indemnity
PAY-00000245,CLM-0000148,1,2024-08-29,23091.96,Indemnity
PAY-00000246,CLM-0000148,2,2025-02-07,3043.63,Indemnity
PAY-00000247,CLM-0000149,1,2024-09-01,1037.18,Indemnity
PAY-00000248,CLM-0000149,2,2025-03-21,13212.61,Indemnity
PAY-00000249,CLM-0000150,1,2024-06-14,36349.78,Indemnity
PAY-00000250,CLM-0000150,2,2024-07-04,1505.87,Indemnity
