claim_id,policy_id,customer_id,vehicle_id,claim_date,report_date,closure_date,claim_type,claim_status,garage_id,garage_watchlist_signal,policy_tenure_days,report_delay_days,loss_hour,paid_to_date,case_reserve,incurred_amount,ultimate_incurred_synthetic_truth,fraud_synthetic_truth
CLM-0000001,POL-0000003,CUS-0000003,VEH-0000003,2024-09-02,2024-09-04,2025-01-04,Collision,Closed,GAR-0179,False,166,2,7,108135.65,0.0,108135.65,108135.65,False
CLM-0000002,POL-0000003,CUS-0000003,VEH-0000003,2025-03-11,2025-03-11,2025-05-12,Glass,Closed,GAR-0032,False,356,0,12,13731.15,0.0,13731.15,13731.15,False
CLM-0000003,POL-0000015,CUS-0000015,VEH-0000015,2024-09-07,2024-09-12,2025-05-16,Collision,Closed,GAR-0070,False,188,5,10,57538.65,0.0,57538.65,57538.65,False
CLM-0000004,POL-0000022,CUS-0000022,VEH-0000022,2025-11-08,2025-11-08,,Collision,Open,GAR-0131,False,340,0,17,0.0,137143.24,137143.24,106434.62,False
CLM-0000005,POL-0000025,CUS-0000025,VEH-0000025,2024-02-18,2024-02-23,2024-07-25,Collision,Closed,GAR-0073,False,21,5,10,37664.3,0.0,37664.3,37664.3,False
CLM-0000006,POL-0000034,CUS-0000034,VEH-0000034,2025-01-17,2025-01-18,2025-09-23,Weather,Closed,GAR-0152,False,243,1,1,37982.5,0.0,37982.5,37982.5,False
CLM-0000007,POL-0000048,CUS-0000048,VEH-0000048,2024-03-25,2024-03-27,2024-07-28,Collision,Closed,GAR-0086,False,36,2,11,311733.89,0.0,311733.89,311733.89,False
CLM-0000008,POL-0000052,CUS-0000052,VEH-0000052,2025-06-10,2025-06-13,,Weather,Open,GAR-0005,False,115,3,17,0.0,67065.14,67065.14,63380.95,False
CLM-0000009,POL-0000053,CUS-0000053,VEH-0000053,2025-06-15,2025-06-18,2025-10-19,Collision,Closed,GAR-0149,False,148,3,7,229211.12,0.0,229211.12,229211.12,False
CLM-0000010,POL-0000054,CUS-0000054,VEH-0000054,2023-12-08,2023-12-14,2024-02-21,Collision,Closed,GAR-0018,False,324,6,21,88255.76,0.0,88255.76,88255.76,False
CLM-0000011,POL-0000057,CUS-0000057,VEH-0000057,2023-05-11,2023-05-14,2023-09-05,Collision,Closed,GAR-0100,False,94,3,16,66804.43,0.0,66804.43,66804.42,False
CLM-0000012,POL-0000067,CUS-0000067,VEH-0000067,2024-03-19,2024-03-19,2024-07-11,Vandalism,Closed,GAR-0103,False,112,0,2,17526.23,0.0,17526.23,17526.23,False
CLM-0000013,POL-0000086,CUS-0000086,VEH-0000086,2024-02-19,2024-02-20,2024-08-26,Collision,Closed,GAR-0049,False,245,1,10,66290.56,0.0,66290.56,66290.56,False
CLM-0000014,POL-0000089,CUS-0000089,VEH-0000089,2025-04-23,2025-04-23,2025-10-06,Weather,Closed,GAR-0093,False,19,0,13,35803.55,0.0,35803.55,35803.55,True
CLM-0000015,POL-0000094,CUS-0000094,VEH-0000094,2023-10-15,2023-10-16,2024-04-12,Collision,Closed,GAR-0166,False,68,1,16,29795.95,0.0,29795.95,29795.95,False
CLM-0000016,POL-0000108,CUS-0000108,VEH-0000108,2024-03-10,2024-03-12,2024-06-23,Collision,Closed,GAR-0039,False,65,2,4,93716.69,0.0,93716.69,93716.69,False
CLM-0000017,POL-0000115,CUS-0000115,VEH-0000115,2025-10-15,2025-10-15,,Collision,Open,GAR-0024,False,333,0,19,21527.69,47848.04,69375.73,68724.6,False
CLM-0000018,POL-0000118,CUS-0000118,VEH-0000118,2025-07-14,2025-07-17,2025-12-20,Collision,Closed,GAR-0061,False,361,3,16,123545.6,0.0,123545.6,123545.6,False
CLM-0000019,POL-0000128,CUS-0000128,VEH-0000128,2025-03-31,2025-03-31,2025-05-05,Collision,Closed,GAR-0131,False,233,0,13,58932.87,0.0,58932.87,58932.87,False
CLM-0000020,POL-0000136,CUS-0000136,VEH-0000136,2024-09-07,2024-09-07,2024-10-05,Glass,Closed,GAR-0095,False,89,0,6,26527.95,0.0,26527.95,26527.95,False
CLM-0000021,POL-0000137,CUS-0000137,VEH-0000137,2024-01-09,2024-01-09,2024-08-11,Weather,Closed,GAR-0068,False,54,0,19,34434.21,0.0,34434.21,34434.2,False
CLM-0000022,POL-0000153,CUS-0000153,VEH-0000153,2024-07-20,2024-07-23,2024-09-24,Collision,Closed,GAR-0070,False,112,3,15,35261.4,0.0,35261.4,35261.4,False
CLM-0000023,POL-0000159,CUS-0000159,VEH-0000159,2025-10-17,2025-10-21,2025-11-17,Collision,Closed,GAR-0010,False,57,4,19,72049.01,0.0,72049.01,72049.01,False
CLM-0000024,POL-0000160,CUS-0000160,VEH-0000160,2024-05-20,2024-05-22,2024-11-17,Glass,Closed,GAR-0140,False,176,2,10,7612.09,0.0,7612.09,7612.09,False
CLM-0000025,POL-0000161,CUS-0000161,VEH-0000161,2025-07-07,2025-07-08,,Collision,Open,GAR-0103,False,298,1,14,0.0,126597.09,126597.09,121746.37,False
CLM-0000026,POL-0000163,CUS-0000163,VEH-0000163,2025-05-18,2025-05-22,2025-08-08,Glass,Closed,GAR-0073,False,18,4,10,5935.13,0.0,5935.13,5935.13,False
CLM-0000027,POL-0000176,CUS-0000176,VEH-0000176,2025-09-21,2025-09-23,,Collision,Open,GAR-0101,False,289,2,1,0.0,76388.3,76388.3,79395.96,False
CLM-0000028,POL-0000177,CUS-0000177,VEH-0000177,2025-08-22,2025-08-24,,Collision,Open,GAR-0158,False,22,2,11,30214.86,44030.45,74245.31,76895.92,False
CLM-0000029,POL-0000190,CUS-0000190,VEH-0000190,2024-02-10,2024-02-14,2024-06-12,Collision,Closed,GAR-0061,False,211,4,22,91205.8,0.0,91205.8,91205.8,False
CLM-0000030,POL-0000197,CUS-0000197,VEH-0000197,2025-06-16,2025-06-16,2025-12-31,Theft,Closed,GAR-0185,False,273,0,7,677000.55,0.0,677000.55,677000.55,False
CLM-0000031,POL-0000204,CUS-0000204,VEH-0000204,2025-05-21,2025-05-22,2025-07-25,Collision,Closed,GAR-0059,False,132,1,13,142638.46,0.0,142638.46,142638.46,False
CLM-0000032,POL-0000211,CUS-0000211,VEH-0000211,2024-07-05,2024-07-08,2024-09-23,Theft,Closed,GAR-0162,False,54,3,10,538334.51,0.0,538334.51,538334.51,False
CLM-0000033,POL-0000235,CUS-0000235,VEH-0000235,2024-10-13,2024-10-21,2025-04-01,Collision,Closed,GAR-0040,False,324,8,8,72818.84,0.0,72818.84,72818.84,False
CLM-0000034,POL-0000240,CUS-0000240,VEH-0000240,2023-12-30,2023-12-30,2024-04-26,Collision,Closed,GAR-0058,False,50,0,11,140744.6,0.0,140744.6,140744.6,False
CLM-0000035,POL-0000244,CUS-0000244,VEH-0000244,2024-09-02,2024-09-03,2024-12-17,Collision,Closed,GAR-0193,False,247,1,8,79439.17,0.0,79439.17,79439.18,False
CLM-0000036,POL-0000259,CUS-0000259,VEH-0000259,2024-05-28,2024-05-29,2024-07-26,Collision,Closed,GAR-0069,False,305,1,16,316457.66,0.0,316457.66,316457.66,False
CLM-0000037,POL-0000264,CUS-0000264,VEH-0000264,2025-05-01,2025-05-02,2025-11-24,Collision,Closed,GAR-0095,False,358,1,5,52760.22,0.0,52760.22,52760.22,False
CLM-0000038,POL-0000266,CUS-0000266,VEH-0000266,2024-08-14,2024-08-16,2025-06-08,Collision,Closed,GAR-0054,False,223,2,15,399461.77,0.0,399461.77,399461.77,False
CLM-0000039,POL-0000270,CUS-0000270,VEH-0000270,2025-10-10,2025-10-11,2025-12-13,Glass,Closed,GAR-0014,True,295,1,17,750.0,0.0,750.0,750.0,False
CLM-0000040,POL-0000271,CUS-0000271,VEH-0000271,2025-02-12,2025-02-12,2025-03-27,Collision,Closed,GAR-0042,False,273,0,13,88212.23,0.0,88212.23,88212.23,False
CLM-0000041,POL-0000277,CUS-0000277,VEH-0000277,2023-12-09,2023-12-09,2024-10-10,Collision,Closed,GAR-0042,False,271,0,6,19587.54,0.0,19587.54,19587.54,False
CLM-0000042,POL-0000284,CUS-0000284,VEH-0000284,2023-11-26,2023-11-26,2024-04-27,Collision,Closed,GAR-0211,True,33,0,7,7426.72,0.0,7426.72,7426.72,False
CLM-0000043,POL-0000292,CUS-0000292,VEH-0000292,2025-05-28,2025-05-29,2025-09-06,Collision,Closed,GAR-0127,False,301,1,7,173238.94,0.0,173238.94,173238.94,False
CLM-0000044,POL-0000299,CUS-0000299,VEH-0000299,2025-03-18,2025-03-19,2025-05-18,Collision,Closed,GAR-0218,False,65,1,19,43787.05,0.0,43787.05,43787.05,False
CLM-0000045,POL-0000299,CUS-0000299,VEH-0000299,2025-09-07,2025-09-07,2025-11-30,Collision,Closed,GAR-0157,False,238,0,5,61827.64,0.0,61827.64,61827.64,False
CLM-0000046,POL-0000302,CUS-0000302,VEH-0000302,2025-06-20,2025-06-20,2025-10-08,Collision,Closed,GAR-0064,False,327,0,14,108057.23,0.0,108057.23,108057.23,False
CLM-0000047,POL-0000326,CUS-0000326,VEH-0000326,2024-07-10,2024-07-16,2025-03-19,Collision,Closed,GAR-0184,False,269,6,2,15268.58,0.0,15268.58,15268.57,False
CLM-0000048,POL-0000346,CUS-0000346,VEH-0000346,2024-07-02,2024-07-05,2024-12-04,Collision,Closed,GAR-0100,False,57,3,10,28958.22,0.0,28958.22,28958.22,False
CLM-0000049,POL-0000348,CUS-0000348,VEH-0000348,2024-09-15,2024-09-15,2025-01-07,Theft,Closed,GAR-0079,False,253,0,11,506464.15,0.0,506464.15,506464.15,False
CLM-0000050,POL-0000350,CUS-0000350,VEH-0000350,2025-10-05,2025-10-08,,Glass,Open,GAR-0154,False,166,3,5,0.0,27421.84,27421.84,27293.08,False
CLM-0000051,POL-0000361,CUS-0000361,VEH-0000361,2024-09-09,2024-09-10,2025-08-07,Vandalism,Closed,GAR-0219,False,53,1,4,4383.4,0.0,4383.4,4383.4,False
CLM-0000052,POL-0000362,CUS-0000362,VEH-0000362,2023-11-22,2023-11-25,2024-08-01,Glass,Closed,GAR-0144,False,136,3,5,17734.79,0.0,17734.79,17734.79,False
CLM-0000053,POL-0000365,CUS-0000365,VEH-0000365,2025-10-21,2025-10-21,,Weather,Open,GAR-0001,False,82,0,3,20432.49,9104.99,29537.48,28505.26,False
CLM-0000054,POL-0000369,CUS-0000369,VEH-0000369,2025-12-10,2025-12-10,,Glass,Open,GAR-0140,False,212,0,5,0.0,20991.96,20991.96,21414.63,False
CLM-0000055,POL-0000380,CUS-0000380,VEH-0000380,2025-04-18,2025-04-21,,Theft,Open,GAR-0059,False,88,3,8,0.0,354849.44,354849.44,373800.0,False
CLM-0000056,POL-0000389,CUS-0000389,VEH-0000389,2024-07-27,2024-07-29,2024-12-19,Collision,Closed,GAR-0162,False,300,2,16,36236.66,0.0,36236.66,36236.66,False
CLM-0000057,POL-0000392,CUS-0000392,VEH-0000392,2023-03-30,2023-03-30,2023-10-11,Glass,Closed,GAR-0158,False,12,0,20,10361.29,0.0,10361.29,10361.29,False
CLM-0000058,POL-0000394,CUS-0000394,VEH-0000394,2024-02-26,2024-03-04,2024-07-10,Collision,Closed,GAR-0174,False,301,7,20,126877.71,0.0,126877.71,126877.71,False
CLM-0000059,POL-0000398,CUS-0000398,VEH-0000398,2024-01-03,2024-01-04,2024-01-30,Glass,Closed,GAR-0161,False,197,1,11,18072.14,0.0,18072.14,18072.14,False
CLM-0000060,POL-0000432,CUS-0000432,VEH-0000432,2025-11-02,2025-11-04,,Vandalism,Open,GAR-0102,False,180,2,22,0.0,36872.41,36872.41,32058.32,False
CLM-0000061,POL-0000450,CUS-0000450,VEH-0000450,2023-07-04,2023-07-04,2023-09-25,Collision,Closed,GAR-0190,False,108,0,9,20908.61,0.0,20908.61,20908.61,False
CLM-0000062,POL-0000455,CUS-0000455,VEH-0000455,2025-09-30,2025-09-30,2025-11-24,Collision,Closed,GAR-0144,False,120,0,14,99633.22,0.0,99633.22,99633.22,False
CLM-0000063,POL-0000457,CUS-0000457,VEH-0000457,2024-03-13,2024-03-13,2024-09-21,Collision,Closed,GAR-0084,False,249,0,14,38499.63,0.0,38499.63,38499.63,False
CLM-0000064,POL-0000473,CUS-0000473,VEH-0000473,2023-08-13,2023-08-14,2024-01-20,Weather,Closed,GAR-0096,False,106,1,10,43148.41,0.0,43148.41,43148.41,False
CLM-0000065,POL-0000473,CUS-0000473,VEH-0000473,2023-11-07,2023-11-07,2024-01-30,Collision,Closed,GAR-0066,False,192,0,22,165819.37,0.0,165819.37,165819.37,False
CLM-0000066,POL-0000481,CUS-0000481,VEH-0000481,2024-11-21,2024-11-22,2025-04-03,Collision,Closed,GAR-0103,False,21,1,22,103901.74,0.0,103901.74,103901.74,False
CLM-0000067,POL-0000484,CUS-0000484,VEH-0000484,2025-01-16,2025-01-16,2025-02-19,Vandalism,Closed,GAR-0042,False,62,0,14,53376.74,0.0,53376.74,53376.74,False
CLM-0000068,POL-0000487,CUS-0000487,VEH-0000487,2023-06-08,2023-06-09,2023-08-10,Collision,Closed,GAR-0030,False,94,1,17,162403.76,0.0,162403.76,162403.76,False
CLM-0000069,POL-0000496,CUS-0000496,VEH-0000496,2024-09-01,2024-09-01,2024-11-12,Collision,Closed,GAR-0200,False,257,0,1,131287.62,0.0,131287.62,131287.62,False
CLM-0000070,POL-0000497,CUS-0000497,VEH-0000497,2023-09-13,2023-09-14,2024-01-18,Theft,Closed,GAR-0205,False,242,1,10,206845.26,0.0,206845.26,206845.26,False
CLM-0000071,POL-0000500,CUS-0000500,VEH-0000500,2023-01-14,2023-01-14,2023-07-14,Collision,Closed,GAR-0200,False,7,0,12,52731.04,0.0,52731.04,52731.04,True
CLM-0000072,POL-0000530,CUS-0000530,VEH-0000530,2024-03-16,2024-03-16,2024-05-28,Collision,Closed,GAR-0161,False,60,0,17,139368.01,0.0,139368.01,139368.01,False
CLM-0000073,POL-0000546,CUS-0000546,VEH-0000546,2025-10-13,2025-10-15,2025-12-25,Glass,Closed,GAR-0042,False,114,2,7,35895.73,0.0,35895.73,35895.73,False
CLM-0000074,POL-0000553,CUS-0000553,VEH-0000553,2025-08-24,2025-08-24,2025-12-02,Collision,Closed,GAR-0061,False,357,0,5,91986.59,0.0,91986.59,91986.59,False
CLM-0000075,POL-0000560,CUS-0000560,VEH-0000560,2025-06-28,2025-06-28,2025-11-16,Glass,Closed,GAR-0002,False,64,0,5,2673.58,0.0,2673.58,2673.58,False
CLM-0000076,POL-0000560,CUS-0000560,VEH-0000560,2025-06-05,2025-06-06,2025-10-29,Collision,Closed,GAR-0106,False,41,1,1,32729.51,0.0,32729.51,32729.51,False
CLM-0000077,POL-0000591,CUS-0000591,VEH-0000591,2025-01-16,2025-01-22,2025-06-20,Glass,Closed,GAR-0101,False,330,6,14,13581.87,0.0,13581.87,13581.87,False
CLM-0000078,POL-0000605,CUS-0000605,VEH-0000605,2024-07-06,2024-07-09,2025-05-19,Collision,Closed,GAR-0202,False,67,3,10,39002.33,0.0,39002.33,39002.32,False
CLM-0000079,POL-0000613,CUS-0000613,VEH-0000613,2024-06-14,2024-06-15,2024-07-02,Collision,Closed,GAR-0030,False,180,1,8,37588.68,0.0,37588.68,37588.68,False
CLM-0000080,POL-0000614,CUS-0000614,VEH-0000614,2023-09-25,2023-10-02,2023-11-20,Collision,Closed,GAR-0158,False,74,7,12,42251.4,0.0,42251.4,42251.4,False
CLM-0000081,POL-0000617,CUS-0000617,VEH-0000617,2025-01-11,2025-01-12,,Collision,Open,GAR-0217,False,92,1,7,52840.19,8180.66,61020.85,61664.28,False
CLM-0000082,POL-0000618,CUS-0000618,VEH-0000618,2024-01-28,2024-01-31,2024-04-10,Collision,Closed,GAR-0031,False,363,3,18,33669.54,0.0,33669.54,33669.54,False
CLM-0000083,POL-0000627,CUS-0000627,VEH-0000627,2025-11-08,2025-11-08,,Weather,Open,GAR-0008,False,65,0,4,0.0,31040.94,31040.94,31409.43,False
CLM-0000084,POL-0000630,CUS-0000630,VEH-0000630,2025-04-15,2025-04-16,,Collision,Open,GAR-0149,False,259,1,10,35921.18,25240.96,61162.14,78782.99,False
CLM-0000085,POL-0000636,CUS-0000636,VEH-0000636,2024-07-01,2024-07-01,2025-04-12,Collision,Closed,GAR-0157,False,305,0,4,50042.1,0.0,50042.1,50042.1,False
CLM-0000086,POL-0000639,CUS-0000639,VEH-0000639,2025-02-24,2025-02-24,2025-08-18,Collision,Closed,GAR-0199,False,112,0,22,115203.01,0.0,115203.01,115203.01,False
CLM-0000087,POL-0000639,CUS-0000639,VEH-0000639,2024-12-27,2024-12-27,2025-08-24,Glass,Closed,GAR-0036,False,53,0,10,20128.06,0.0,20128.06,20128.06,False
CLM-0000088,POL-0000660,CUS-0000660,VEH-0000660,2024-07-25,2024-07-25,2024-11-19,Weather,Closed,GAR-0200,False,31,0,7,68880.8,0.0,68880.8,68880.8,False
CLM-0000089,POL-0000673,CUS-0000673,VEH-0000673,2024-08-26,2024-08-26,2025-08-15,Collision,Closed,GAR-0131,False,137,0,18,72937.89,0.0,72937.89,72937.89,False
CLM-0000090,POL-0000696,CUS-0000696,VEH-0000696,2025-02-06,2025-02-07,2025-03-22,Weather,Closed,GAR-0103,False,229,1,7,50978.04,0.0,50978.04,50978.04,False
CLM-0000091,POL-0000703,CUS-0000703,VEH-0000703,2024-05-29,2024-05-31,2024-07-28,Collision,Closed,GAR-0042,False,1,2,20,38249.39,0.0,38249.39,38249.39,False
CLM-0000092,POL-0000713,CUS-0000713,VEH-0000713,2024-07-25,2024-07-25,2024-07-31,Collision,Closed,GAR-0099,False,261,0,0,151896.15,0.0,151896.15,151896.15,False
CLM-0000093,POL-0000715,CUS-0000715,VEH-0000715,2023-12-19,2023-12-23,2023-12-26,Vandalism,Closed,GAR-0017,False,130,4,21,25135.22,0.0,25135.22,25135.22,False
CLM-0000094,POL-0000720,CUS-0000720,VEH-0000720,2023-10-20,2023-10-20,2024-01-17,Vandalism,Closed,GAR-0219,False,129,0,7,18815.77,0.0,18815.77,18815.77,False
CLM-0000095,POL-0000730,CUS-0000730,VEH-0000730,2025-04-26,2025-04-26,2025-11-23,Collision,Closed,GAR-0205,False,145,0,18,141498.68,0.0,141498.68,141498.68,False
CLM-0000096,POL-0000731,CUS-0000731,VEH-0000731,2025-01-07,2025-01-08,2025-12-23,Collision,Closed,GAR-0162,False,18,1,10,72822.6,0.0,72822.6,72822.6,False
CLM-0000097,POL-0000743,CUS-0000743,VEH-0000743,2025-12-29,2026-01-01,,Collision,Open,GAR-0084,False,298,3,20,0.0,124985.43,124985.43,117067.52,False
CLM-0000098,POL-0000764,CUS-0000764,VEH-0000764,2025-10-26,2025-10-27,,Weather,Open,GAR-0081,False,87,1,23,0.0,72991.61,72991.61,80029.9,False
CLM-0000099,POL-0000768,CUS-0000768,VEH-0000768,2023-12-26,2023-12-27,2024-03-06,Weather,Closed,GAR-0004,False,344,1,7,58221.88,0.0,58221.88,58221.88,False
CLM-0000100,POL-0000775,CUS-0000775,VEH-0000775,2025-03-01,2025-03-01,,Collision,Open,GAR-0152,False,226,0,17,25149.58,27191.2,52340.78,50187.64,False
CLM-0000101,POL-0000780,CUS-0000780,VEH-0000780,2025-03-05,2025-03-11,2025-12-22,Collision,Closed,GAR-0179,False,174,6,15,84361.06,0.0,84361.06,84361.06,False
CLM-0000102,POL-0000785,CUS-0000785,VEH-0000785,2024-10-11,2024-10-13,2025-03-08,Collision,Closed,GAR-0186,False,104,2,18,128398.55,0.0,128398.55,128398.56,False
CLM-0000103,POL-0000787,CUS-0000787,VEH-0000787,2025-08-24,2025-08-25,,Weather,Open,GAR-0171,False,90,1,22,0.0,70510.22,70510.22,68456.2,False
CLM-0000104,POL-0000789,CUS-0000789,VEH-0000789,2023-07-29,2023-07-30,2023-09-28,Collision,Closed,GAR-0021,False,15,1,16,14267.55,0.0,14267.55,14267.55,False
CLM-0000105,POL-0000791,CUS-0000791,VEH-0000791,2024-07-17,2024-07-19,2024-09-25,Vandalism,Closed,GAR-0001,False,286,2,2,10527.32,0.0,10527.32,10527.32,False
CLM-0000106,POL-0000794,CUS-0000794,VEH-0000794,2024-07-01,2024-07-01,2024-09-05,Glass,Closed,GAR-0040,False,103,0,11,2124.85,0.0,2124.85,2124.85,False
CLM-0000107,POL-0000795,CUS-0000795,VEH-0000795,2025-12-29,2025-12-31,,Glass,Open,GAR-0106,False,319,2,2,0.0,20702.87,20702.87,20408.8,False
CLM-0000108,POL-0000800,CUS-0000800,VEH-0000800,2023-04-04,2023-04-04,2023-11-30,Collision,Closed,GAR-0201,False,25,0,13,25781.34,0.0,25781.34,25781.34,False
CLM-0000109,POL-0000823,CUS-0000823,VEH-0000823,2025-10-14,2025-10-14,,Vandalism,Open,GAR-0205,False,216,0,12,0.0,26661.4,26661.4,26907.07,False
CLM-0000110,POL-0000827,CUS-0000827,VEH-0000827,2024-11-20,2024-11-22,2025-05-30,Vandalism,Closed,GAR-0001,False,238,2,11,18917.12,0.0,18917.12,18917.12,False
CLM-0000111,POL-0000828,CUS-0000828,VEH-0000828,2024-10-01,2024-10-01,2024-12-16,Collision,Closed,GAR-0187,False,46,0,7,123950.4,0.0,123950.4,123950.4,False
CLM-0000112,POL-0000854,CUS-0000854,VEH-0000854,2025-08-11,2025-08-11,,Weather,Open,GAR-0171,False,315,0,12,11824.59,1040.86,12865.45,12965.52,False
CLM-0000113,POL-0000865,CUS-0000865,VEH-0000865,2023-10-04,2023-10-12,2024-01-09,Vandalism,Closed,GAR-0111,False,260,8,18,56707.13,0.0,56707.13,56707.13,False
CLM-0000114,POL-0000877,CUS-0000877,VEH-0000877,2023-10-05,2023-10-07,2024-05-05,Collision,Closed,GAR-0077,False,3,2,19,4585.71,0.0,4585.71,4585.71,False
CLM-0000115,POL-0000886,CUS-0000886,VEH-0000886,2024-03-15,2024-03-16,2024-08-25,Glass,Closed,GAR-0095,False,191,1,9,14905.79,0.0,14905.79,14905.79,False
CLM-0000116,POL-0000894,CUS-0000894,VEH-0000894,2025-12-22,2025-12-24,,Glass,Open,GAR-0027,False,159,2,21,0.0,6016.63,6016.63,5709.91,False
CLM-0000117,POL-0000896,CUS-0000896,VEH-0000896,2025-12-21,2025-12-21,,Collision,Open,GAR-0078,False,28,0,23,0.0,73511.39,73511.39,64002.28,False
CLM-0000118,POL-0000899,CUS-0000899,VEH-0000899,2024-06-22,2024-06-25,2024-09-16,Collision,Closed,GAR-0168,False,342,3,16,51370.07,0.0,51370.07,51370.07,False
CLM-0000119,POL-0000903,CUS-0000903,VEH-0000903,2025-02-05,2025-02-06,2025-03-19,Glass,Closed,GAR-0101,False,214,1,22,6090.26,0.0,6090.26,6090.26,False
CLM-0000120,POL-0000920,CUS-0000920,VEH-0000920,2023-09-03,2023-09-06,2024-01-08,Collision,Closed,GAR-0207,False,99,3,13,62913.1,0.0,62913.1,62913.1,False
CLM-0000121,POL-0000921,CUS-0000921,VEH-0000921,2023-10-15,2023-10-16,2023-12-01,Glass,Closed,GAR-0074,False,239,1,18,13647.66,0.0,13647.66,13647.66,False
CLM-0000122,POL-0000928,CUS-0000928,VEH-0000928,2023-05-10,2023-05-10,2023-08-19,Collision,Closed,GAR-0073,False,44,0,4,14660.82,0.0,14660.82,14660.81,False
CLM-0000123,POL-0000931,CUS-0000931,VEH-0000931,2024-08-27,2024-08-28,2024-10-25,Collision,Closed,GAR-0120,False,31,1,21,51191.08,0.0,51191.08,51191.08,False
CLM-0000124,POL-0000940,CUS-0000940,VEH-0000940,2024-04-01,2024-04-03,2025-07-17,Collision,Closed,GAR-0116,False,361,2,15,32849.26,0.0,32849.26,32849.26,False
CLM-0000125,POL-0000942,CUS-0000942,VEH-0000942,2023-09-14,2023-09-14,2024-04-03,Collision,Closed,GAR-0056,False,62,0,11,88111.97,0.0,88111.97,88111.97,False
CLM-0000126,POL-0000942,CUS-0000942,VEH-0000942,2024-05-13,2024-05-14,2024-06-25,Collision,Closed,GAR-0181,False,304,1,15,34788.76,0.0,34788.76,34788.76,False
CLM-0000127,POL-0000947,CUS-0000947,VEH-0000947,2025-12-14,2025-12-14,,Collision,Open,GAR-0031,False,272,0,8,0.0,24569.12,24569.12,20520.29,False
CLM-0000128,POL-0000950,CUS-0000950,VEH-0000950,2023-12-22,2023-12-26,2024-01-19,Collision,Closed,GAR-0218,False,219,4,13,48589.83,0.0,48589.83,48589.83,False
CLM-0000129,POL-0000950,CUS-0000950,VEH-0000950,2024-03-30,2024-03-31,2024-06-16,Glass,Closed,GAR-0091,False,318,1,9,24103.72,0.0,24103.72,24103.72,True
CLM-0000130,POL-0000960,CUS-0000960,VEH-0000960,2023-09-29,2023-10-02,2024-06-04,Collision,Closed,GAR-0100,False,231,3,10,25101.66,0.0,25101.66,25101.66,False
CLM-0000131,POL-0000971,CUS-0000971,VEH-0000971,2024-07-17,2024-07-18,2024-08-15,Glass,Closed,GAR-0148,False,343,1,13,4745.93,0.0,4745.93,4745.93,False
CLM-0000132,POL-0000972,CUS-0000972,VEH-0000972,2025-05-10,2025-05-13,2025-08-10,Collision,Closed,GAR-0157,False,326,3,14,115363.98,0.0,115363.98,115363.98,False
CLM-0000133,POL-0000976,CUS-0000976,VEH-0000976,2025-06-15,2025-06-17,,Collision,Open,GAR-0200,False,357,2,13,0.0,298913.57,298913.57,302596.21,False
CLM-0000134,POL-0000977,CUS-0000977,VEH-0000977,2025-12-16,2025-12-19,,Collision,Open,GAR-0184,False,65,3,22,0.0,32233.54,32233.54,31709.7,False
CLM-0000135,POL-0000979,CUS-0000979,VEH-0000979,2023-10-21,2023-10-22,2023-11-29,Glass,Closed,GAR-0137,False,225,1,10,9361.61,0.0,9361.61,9361.61,False
CLM-0000136,POL-0000984,CUS-0000984,VEH-0000984,2024-09-02,2024-09-03,2025-07-13,Weather,Closed,GAR-0220,False,209,1,9,13637.69,0.0,13637.69,13637.69,False
CLM-0000137,POL-0000994,CUS-0000994,VEH-0000994,2024-07-03,2024-07-03,2025-04-13,Theft,Closed,GAR-0170,False,221,0,7,339625.0,0.0,339625.0,339625.0,False
CLM-0000138,POL-0000994,CUS-0000994,VEH-0000994,2024-02-29,2024-03-01,2024-06-04,Glass,Closed,GAR-0001,False,96,1,10,4795.87,0.0,4795.87,4795.87,False
CLM-0000139,POL-0001002,CUS-0001002,VEH-0001002,2023-08-01,2023-08-01,2023-09-10,Collision,Closed,GAR-0080,True,142,0,17,143861.25,0.0,143861.25,143861.25,False
CLM-0000140,POL-0001003,CUS-0001003,VEH-0001003,2024-02-23,2024-02-24,2024-07-12,Collision,Closed,GAR-0162,False,161,1,2,26062.48,0.0,26062.48,26062.48,False
CLM-0000141,POL-0001008,CUS-0001008,VEH-0001008,2024-01-24,2024-01-25,2024-02-19,Collision,Closed,GAR-0029,False,300,1,21,22389.89,0.0,22389.89,22389.89,False
CLM-0000142,POL-0001017,CUS-0001017,VEH-0001017,2025-08-06,2025-08-06,2025-09-22,Collision,Closed,GAR-0030,False,232,0,3,106243.17,0.0,106243.17,106243.17,False
CLM-0000143,POL-0001022,CUS-0001022,VEH-0001022,2023-11-07,2023-11-10,2024-09-05,Collision,Closed,GAR-0211,True,20,3,16,27825.11,0.0,27825.11,27825.1,True
CLM-0000144,POL-0001024,CUS-0001024,VEH-0001024,2024-08-19,2024-08-21,2024-11-06,Glass,Closed,GAR-0096,False,268,2,17,4503.78,0.0,4503.78,4503.78,False
CLM-0000145,POL-0001029,CUS-0001029,VEH-0001029,2023-09-17,2023-09-22,2023-11-29,Glass,Closed,GAR-0135,False,208,5,9,2683.81,0.0,2683.81,2683.81,False
CLM-0000146,POL-0001031,CUS-0001031,VEH-0001031,2024-10-09,2024-10-09,2025-04-09,Collision,Closed,GAR-0133,False,131,0,19,87148.1,0.0,87148.1,87148.1,False
CLM-0000147,POL-0001035,CUS-0001035,VEH-0001035,2024-09-24,2024-09-28,2025-01-16,Weather,Closed,GAR-0219,False,27,4,16,61929.31,0.0,61929.31,61929.31,False
CLM-0000148,POL-0001040,CUS-0001040,VEH-0001040,2024-06-18,2024-06-21,2025-02-07,Collision,Closed,GAR-0073,False,309,3,20,26135.59,0.0,26135.59,26135.59,False
CLM-0000149,POL-0001044,CUS-0001044,VEH-0001044,2024-07-06,2024-07-07,2025-03-21,Weather,Closed,GAR-0037,False,272,1,17,14249.79,0.0,14249.79,14249.79,False
CLM-0000150,POL-0001044,CUS-0001044,VEH-0001044,2024-04-20,2024-04-20,2024-07-12,Weather,Closed,GAR-0113,False,195,0,16,48143.51,0.0,48143.51,48143.52,False
CLM-0000151,POL-0001059,CUS-0001059,VEH-0001059,2025-11-16,2025-11-16,,Vandalism,Open,GAR-0112,False,73,0,0,0.0,68798.71,68798.71,76683.74,True
CLM-0000152,POL-0001060,CUS-0001060,VEH-0001060,2025-02-06,2025-02-06,2025-10-12,Collision,Closed,GAR-0211,True,39,0,0,144717.26,0.0,144717.26,144717.26,False
CLM-0000153,POL-0001061,CUS-0001061,VEH-0001061,2023-12-20,2023-12-20,2023-12-31,Collision,Closed,GAR-0005,False,224,0,14,45693.99,0.0,45693.99,45693.99,False
CLM-0000154,POL-0001061,CUS-0001061,VEH-0001061,2023-09-12,2023-09-14,2023-11-14,Collision,Closed,GAR-0001,False,125,2,19,44763.95,0.0,44763.95,44763.95,False
CLM-0000155,POL-0001064,CUS-0001064,VEH-0001064,2023-11-11,2023-11-13,2024-02-28,Collision,Closed,GAR-0102,False,215,2,8,26738.45,0.0,26738.45,26738.45,False
CLM-0000156,POL-0001064,CUS-0001064,VEH-0001064,2023-07-08,2023-07-09,2023-10-14,Collision,Closed,GAR-0016,False,89,1,12,34360.85,0.0,34360.85,34360.85,False
CLM-0000157,POL-0001071,CUS-0001071,VEH-0001071,2025-09-23,2025-09-24,2025-11-11,Weather,Closed,GAR-0118,False,266,1,15,8089.3,0.0,8089.3,8089.3,False
CLM-0000158,POL-0001079,CUS-0001079,VEH-0001079,2024-07-05,2024-07-05,2024-09-16,Weather,Closed,GAR-0145,False,316,0,18,11287.36,0.0,11287.36,11287.36,False
CLM-0000159,POL-0001080,CUS-0001080,VEH-0001080,2024-05-30,2024-06-01,2024-08-17,Collision,Closed,GAR-0170,False,6,2,18,242272.68,0.0,242272.68,242272.68,True
CLM-0000160,POL-0001083,CUS-0001083,VEH-0001083,2025-08-02,2025-08-05,2025-09-18,Collision,Closed,GAR-0042,False,267,3,17,40608.64,0.0,40608.64,40608.64,False
CLM-0000161,POL-0001094,CUS-0001094,VEH-0001094,2025-12-31,2025-12-31,,Theft,Open,GAR-0014,True,255,0,15,0.0,707975.61,707975.61,818425.0,False
CLM-0000162,POL-0001096,CUS-0001096,VEH-0001096,2025-06-25,2025-06-26,,Vandalism,Open,GAR-0206,False,86,1,13,17908.3,110333.87,128242.17,140934.22,False
CLM-0000163,POL-0001097,CUS-0001097,VEH-0001097,2025-08-14,2025-08-14,,Collision,Open,GAR-0042,False,338,0,18,0.0,49633.32,49633.32,45504.42,False
CLM-0000164,POL-0001097,CUS-0001097,VEH-0001097,2025-03-31,2025-04-01,2025-07-16,Collision,Closed,GAR-0158,False,202,1,19,78789.31,0.0,78789.31,78789.31,False
CLM-0000165,POL-0001100,CUS-0001100,VEH-0001100,2024-02-11,2024-02-11,2024-09-14,Collision,Closed,GAR-0219,False,158,0,11,62295.51,0.0,62295.51,62295.51,False
CLM-0000166,POL-0001106,CUS-0001106,VEH-0001106,2025-06-08,2025-06-09,2025-09-10,Collision,Closed,GAR-0049,False,307,1,19,75468.53,0.0,75468.53,75468.53,False
CLM-0000167,POL-0001111,CUS-0001111,VEH-0001111,2024-10-24,2024-10-27,2024-12-18,Glass,Closed,GAR-0042,False,133,3,11,20662.5,0.0,20662.5,20662.5,False
CLM-0000168,POL-0001112,CUS-0001112,VEH-0001112,2025-01-25,2025-01-27,2025-05-26,Collision,Closed,GAR-0012,False,157,2,7,111097.73,0.0,111097.73,111097.73,False
CLM-0000169,POL-0001124,CUS-0001124,VEH-0001124,2023-10-16,2023-10-17,2024-01-07,Collision,Closed,GAR-0152,False,65,1,19,19277.18,0.0,19277.18,19277.18,False
CLM-0000170,POL-0001127,CUS-0001127,VEH-0001127,2024-05-26,2024-05-26,2025-05-26,Vandalism,Closed,GAR-0103,False,99,0,15,88821.46,0.0,88821.46,88821.46,False
CLM-0000171,POL-0001128,CUS-0001128,VEH-0001128,2025-06-09,2025-06-09,2025-08-13,Weather,Closed,GAR-0150,False,284,0,14,19330.64,0.0,19330.64,19330.64,False
CLM-0000172,POL-0001132,CUS-0001132,VEH-0001132,2024-12-06,2024-12-06,2025-01-25,Glass,Closed,GAR-0199,False,177,0,6,3174.93,0.0,3174.93,3174.93,False
CLM-0000173,POL-0001138,CUS-0001138,VEH-0001138,2024-12-18,2024-12-18,2025-09-05,Theft,Closed,GAR-0140,False,253,0,10,804724.33,0.0,804724.33,804724.33,True
CLM-0000174,POL-0001142,CUS-0001142,VEH-0001142,2023-07-29,2023-07-30,2023-10-12,Collision,Closed,GAR-0112,False,126,1,18,34557.83,0.0,34557.83,34557.83,False
CLM-0000175,POL-0001145,CUS-0001145,VEH-0001145,2025-12-17,2025-12-18,,Collision,Open,GAR-0141,False,298,1,16,0.0,133050.64,133050.64,128880.99,False
CLM-0000176,POL-0001167,CUS-0001167,VEH-0001167,2023-02-01,2023-02-01,2024-04-18,Weather,Closed,GAR-0205,False,31,0,10,14975.35,0.0,14975.35,14975.35,False
CLM-0000177,POL-0001174,CUS-0001174,VEH-0001174,2025-08-28,2025-08-29,,Collision,Open,GAR-0005,False,20,1,18,47056.27,33596.77,80653.04,80919.6,False
CLM-0000178,POL-0001176,CUS-0001176,VEH-0001176,2024-07-14,2024-07-14,2025-05-06,Collision,Closed,GAR-0020,False,112,0,17,125983.43,0.0,125983.43,125983.43,False
CLM-0000179,POL-0001179,CUS-0001179,VEH-0001179,2025-07-08,2025-07-09,2025-08-28,Collision,Closed,GAR-0005,False,241,1,23,89179.37,0.0,89179.37,89179.37,False
CLM-0000180,POL-0001188,CUS-0001188,VEH-0001188,2024-04-18,2024-04-22,2025-01-26,Collision,Closed,GAR-0132,True,25,4,9,94847.14,0.0,94847.14,94847.14,False
CLM-0000181,POL-0001189,CUS-0001189,VEH-0001189,2023-11-07,2023-11-09,2023-12-13,Collision,Closed,GAR-0205,False,286,2,16,21503.51,0.0,21503.51,21503.51,False
CLM-0000182,POL-0001189,CUS-0001189,VEH-0001189,2023-05-27,2023-05-27,2023-10-01,Glass,Closed,GAR-0144,False,122,0,22,3163.77,0.0,3163.77,3163.77,False
CLM-0000183,POL-0001199,CUS-0001199,VEH-0001199,2024-07-12,2024-07-15,2025-02-15,Collision,Closed,GAR-0082,False,75,3,20,425352.55,0.0,425352.55,425352.55,False
CLM-0000184,POL-0001199,CUS-0001199,VEH-0001199,2025-02-14,2025-02-18,2025-07-24,Collision,Closed,GAR-0176,False,292,4,16,132532.1,0.0,132532.1,132532.1,False
CLM-0000185,POL-0001210,CUS-0001210,VEH-0001210,2023-10-11,2023-10-13,2024-01-05,Glass,Closed,GAR-0156,False,158,2,15,15980.03,0.0,15980.03,15980.03,False
CLM-0000186,POL-0001214,CUS-0001214,VEH-0001214,2025-12-01,2025-12-04,,Collision,Open,GAR-0137,False,117,3,13,0.0,66082.24,66082.24,63147.83,False
CLM-0000187,POL-0001216,CUS-0001216,VEH-0001216,2024-01-03,2024-01-08,2024-08-17,Collision,Closed,GAR-0096,False,235,5,10,269072.51,0.0,269072.51,269072.51,False
CLM-0000188,POL-0001232,CUS-0001232,VEH-0001232,2025-08-02,2025-08-11,2025-10-30,Glass,Closed,GAR-0165,False,357,9,10,16463.9,0.0,16463.9,16463.9,False
CLM-0000189,POL-0001245,CUS-0001245,VEH-0001245,2024-07-16,2024-07-16,2024-11-01,Weather,Closed,GAR-0092,False,364,0,21,55849.96,0.0,55849.96,55849.96,False
CLM-0000190,POL-0001250,CUS-0001250,VEH-0001250,2024-04-01,2024-04-02,2024-06-17,Collision,Closed,GAR-0140,False,164,1,21,33250.36,0.0,33250.36,33250.36,False
CLM-0000191,POL-0001258,CUS-0001258,VEH-0001258,2025-08-09,2025-08-14,2025-12-14,Collision,Closed,GAR-0131,False,190,5,9,91319.05,0.0,91319.05,91319.05,False
CLM-0000192,POL-0001260,CUS-0001260,VEH-0001260,2023-05-01,2023-05-03,2024-04-29,Weather,Closed,GAR-0137,False,98,2,11,9500.42,0.0,9500.42,9500.43,False
CLM-0000193,POL-0001261,CUS-0001261,VEH-0001261,2024-04-16,2024-04-17,2024-08-23,Collision,Closed,GAR-0064,False,245,1,14,90207.95,0.0,90207.95,90207.95,False
CLM-0000194,POL-0001266,CUS-0001266,VEH-0001266,2025-05-28,2025-05-29,,Collision,Open,GAR-0192,False,298,1,9,0.0,29048.83,29048.83,29295.26,False
CLM-0000195,POL-0001271,CUS-0001271,VEH-0001271,2024-12-23,2024-12-23,2025-04-18,Collision,Closed,GAR-0066,False,61,0,17,63016.65,0.0,63016.65,63016.65,False
CLM-0000196,POL-0001293,CUS-0001293,VEH-0001293,2024-03-03,2024-03-04,2024-06-20,Collision,Closed,GAR-0087,False,263,1,20,41263.58,0.0,41263.58,41263.58,True
CLM-0000197,POL-0001296,CUS-0001296,VEH-0001296,2023-12-18,2023-12-18,2024-10-10,Collision,Closed,GAR-0061,False,334,0,19,25559.42,0.0,25559.42,25559.42,False
CLM-0000198,POL-0001304,CUS-0001304,VEH-0001304,2023-10-13,2023-10-15,2024-02-20,Glass,Closed,GAR-0073,False,146,2,15,7311.56,0.0,7311.56,7311.56,False
CLM-0000199,POL-0001306,CUS-0001306,VEH-0001306,2025-06-29,2025-07-02,2025-10-01,Glass,Closed,GAR-0123,False,297,3,2,23743.41,0.0,23743.41,23743.41,False
CLM-0000200,POL-0001306,CUS-0001306,VEH-0001306,2024-10-13,2024-10-15,2025-03-16,Glass,Closed,GAR-0177,False,38,2,11,5228.26,0.0,5228.26,5228.27,False
CLM-0000201,POL-0001311,CUS-0001311,VEH-0001311,2023-10-04,2023-10-08,2024-05-02,Collision,Closed,GAR-0012,False,274,4,23,25789.46,0.0,25789.46,25789.46,False
CLM-0000202,POL-0001312,CUS-0001312,VEH-0001312,2025-10-17,2025-10-23,,Collision,Open,GAR-0219,False,301,6,19,13392.05,58059.26,71451.31,80304.03,False
CLM-0000203,POL-0001319,CUS-0001319,VEH-0001319,2025-11-18,2025-11-18,,Collision,Open,GAR-0073,False,247,0,21,0.0,119829.84,119829.84,132031.42,False
CLM-0000204,POL-0001321,CUS-0001321,VEH-0001321,2024-09-07,2024-09-07,2024-11-02,Collision,Closed,GAR-0205,False,98,0,15,9091.49,0.0,9091.49,9091.49,False
CLM-0000205,POL-0001321,CUS-0001321,VEH-0001321,2025-01-10,2025-01-11,2025-09-14,Collision,Closed,GAR-0078,False,223,1,19,32724.17,0.0,32724.17,32724.17,False
CLM-0000206,POL-0001339,CUS-0001339,VEH-0001339,2025-12-27,2025-12-27,,Collision,Open,GAR-0017,False,137,0,20,0.0,571308.2,571308.2,533422.94,False
CLM-0000207,POL-0001341,CUS-0001341,VEH-0001341,2024-05-29,2024-05-29,2024-08-30,Collision,Closed,GAR-0195,False,56,0,19,93410.26,0.0,93410.26,93410.26,False
CLM-0000208,POL-0001358,CUS-0001358,VEH-0001358,2023-09-10,2023-09-13,2024-05-14,Collision,Closed,GAR-0140,False,228,3,15,23394.05,0.0,23394.05,23394.05,False
CLM-0000209,POL-0001362,CUS-0001362,VEH-0001362,2024-07-24,2024-07-27,2024-12-28,Collision,Closed,GAR-0077,False,286,3,12,54758.98,0.0,54758.98,54758.98,False
CLM-0000210,POL-0001371,CUS-0001371,VEH-0001371,2025-08-08,2025-08-12,,Glass,Open,GAR-0217,False,85,4,23,2838.9,4031.18,6870.08,6458.61,False
CLM-0000211,POL-0001372,CUS-0001372,VEH-0001372,2024-08-11,2024-08-12,2025-01-12,Glass,Closed,GAR-0061,False,254,1,19,750.0,0.0,750.0,750.0,False
CLM-0000212,POL-0001375,CUS-0001375,VEH-0001375,2024-03-27,2024-03-28,2024-07-01,Collision,Closed,GAR-0218,False,98,1,19,94713.95,0.0,94713.95,94713.95,False
CLM-0000213,POL-0001378,CUS-0001378,VEH-0001378,2023-10-27,2023-11-01,2024-01-11,Collision,Closed,GAR-0061,False,188,5,7,124177.73,0.0,124177.73,124177.73,False
CLM-0000214,POL-0001380,CUS-0001380,VEH-0001380,2024-12-29,2024-12-29,2025-02-08,Collision,Closed,GAR-0028,False,359,0,6,22209.83,0.0,22209.83,22209.83,False
CLM-0000215,POL-0001386,CUS-0001386,VEH-0001386,2025-01-02,2025-01-02,,Collision,Open,GAR-0037,False,82,0,13,68314.31,5346.66,73660.97,73604.58,False
CLM-0000216,POL-0001388,CUS-0001388,VEH-0001388,2024-05-13,2024-05-15,2024-09-02,Collision,Closed,GAR-0029,False,276,2,15,94895.63,0.0,94895.63,94895.64,False
CLM-0000217,POL-0001405,CUS-0001405,VEH-0001405,2025-12-31,2026-01-05,,Weather,Open,GAR-0137,False,147,5,18,0.0,16977.56,16977.56,15318.2,False
CLM-0000218,POL-0001407,CUS-0001407,VEH-0001407,2024-01-12,2024-01-19,2024-04-08,Collision,Closed,GAR-0137,False,229,7,17,22644.93,0.0,22644.93,22644.93,False
CLM-0000219,POL-0001410,CUS-0001410,VEH-0001410,2024-01-29,2024-01-29,2024-04-09,Collision,Closed,GAR-0202,False,29,0,2,149210.61,0.0,149210.61,149210.61,False
CLM-0000220,POL-0001413,CUS-0001413,VEH-0001413,2023-03-01,2023-03-05,2023-07-25,Collision,Closed,GAR-0144,False,10,4,9,76471.29,0.0,76471.29,76471.29,True
CLM-0000221,POL-0001415,CUS-0001415,VEH-0001415,2024-06-13,2024-06-16,2024-09-22,Collision,Closed,GAR-0188,False,165,3,19,57648.56,0.0,57648.56,57648.56,False
CLM-0000222,POL-0001481,CUS-0001481,VEH-0001481,2023-08-29,2023-09-01,2024-01-11,Collision,Closed,GAR-0012,False,197,3,23,29310.39,0.0,29310.39,29310.39,False
CLM-0000223,POL-0001481,CUS-0001481,VEH-0001481,2023-10-01,2023-10-03,2024-06-09,Collision,Closed,GAR-0161,False,230,2,20,57242.62,0.0,57242.62,57242.62,False
CLM-0000224,POL-0001483,CUS-0001483,VEH-0001483,2024-11-14,2024-11-17,2025-08-18,Vandalism,Closed,GAR-0026,False,124,3,11,77430.85,0.0,77430.85,77430.86,False
CLM-0000225,POL-0001491,CUS-0001491,VEH-0001491,2024-06-02,2024-06-02,2024-12-30,Collision,Closed,GAR-0018,False,243,0,3,61900.25,0.0,61900.25,61900.25,False
CLM-0000226,POL-0001508,CUS-0001508,VEH-0001508,2025-04-11,2025-04-12,2025-07-09,Glass,Closed,GAR-0188,False,68,1,10,10174.47,0.0,10174.47,10174.47,False
CLM-0000227,POL-0001511,CUS-0001511,VEH-0001511,2025-09-06,2025-09-08,,Collision,Open,GAR-0008,False,128,2,22,0.0,28837.39,28837.39,41890.11,False
CLM-0000228,POL-0001539,CUS-0001539,VEH-0001539,2023-10-31,2023-10-31,2024-04-17,Collision,Closed,GAR-0040,False,93,0,2,14885.31,0.0,14885.31,14885.31,False
CLM-0000229,POL-0001553,CUS-0001553,VEH-0001553,2025-12-22,2025-12-24,,Glass,Open,GAR-0066,False,338,2,16,0.0,8447.94,8447.94,13080.21,False
CLM-0000230,POL-0001560,CUS-0001560,VEH-0001560,2024-04-11,2024-04-13,2024-09-04,Collision,Closed,GAR-0087,False,132,2,5,49166.68,0.0,49166.68,49166.68,False
CLM-0000231,POL-0001562,CUS-0001562,VEH-0001562,2023-12-09,2023-12-10,2024-05-22,Collision,Closed,GAR-0112,False,331,1,6,23858.02,0.0,23858.02,23858.02,False
CLM-0000232,POL-0001566,CUS-0001566,VEH-0001566,2025-11-29,2025-12-02,,Collision,Open,GAR-0200,False,265,3,20,0.0,191782.18,191782.18,192575.98,False
CLM-0000233,POL-0001567,CUS-0001567,VEH-0001567,2025-04-24,2025-04-24,2025-09-18,Collision,Closed,GAR-0157,False,117,0,17,38276.18,0.0,38276.18,38276.18,False
CLM-0000234,POL-0001567,CUS-0001567,VEH-0001567,2025-12-02,2025-12-04,,Collision,Open,GAR-0165,False,339,2,7,25774.16,13015.72,38789.88,41349.0,False
CLM-0000235,POL-0001568,CUS-0001568,VEH-0001568,2025-08-31,2025-08-31,,Collision,Open,GAR-0064,False,23,0,7,96343.68,27254.0,123597.68,134872.02,False
CLM-0000236,POL-0001574,CUS-0001574,VEH-0001574,2025-11-21,2025-11-23,,Collision,Open,GAR-0017,False,238,2,11,0.0,129168.67,129168.67,151960.41,False
CLM-0000237,POL-0001575,CUS-0001575,VEH-0001575,2024-06-15,2024-06-17,2024-08-02,Collision,Closed,GAR-0182,False,13,2,9,45046.54,0.0,45046.54,45046.54,False
CLM-0000238,POL-0001607,CUS-0001607,VEH-0001607,2024-03-25,2024-03-29,2024-12-17,Theft,Closed,GAR-0073,False,174,4,8,764875.0,0.0,764875.0,764875.0,False
CLM-0000239,POL-0001622,CUS-0001622,VEH-0001622,2024-04-07,2024-04-12,2024-12-25,Collision,Closed,GAR-0140,False,327,5,15,94435.68,0.0,94435.68,94435.68,False
CLM-0000240,POL-0001636,CUS-0001636,VEH-0001636,2025-08-18,2025-08-21,2025-12-01,Collision,Closed,GAR-0106,False,195,3,12,45393.42,0.0,45393.42,45393.43,True
CLM-0000241,POL-0001636,CUS-0001636,VEH-0001636,2025-08-18,2025-08-23,2025-11-16,Collision,Closed,GAR-0177,False,195,5,13,43630.43,0.0,43630.43,43630.43,False
CLM-0000242,POL-0001639,CUS-0001639,VEH-0001639,2024-05-31,2024-06-03,2024-12-20,Collision,Closed,GAR-0040,False,163,3,13,92459.81,0.0,92459.81,92459.81,False
CLM-0000243,POL-0001640,CUS-0001640,VEH-0001640,2025-05-25,2025-05-26,2025-05-30,Collision,Closed,GAR-0158,False,28,1,14,58074.56,0.0,58074.56,58074.56,False
CLM-0000244,POL-0001642,CUS-0001642,VEH-0001642,2024-08-31,2024-09-01,2025-03-19,Collision,Closed,GAR-0135,False,83,1,8,117606.87,0.0,117606.87,117606.87,False
CLM-0000245,POL-0001656,CUS-0001656,VEH-0001656,2025-01-06,2025-01-06,2025-03-19,Collision,Closed,GAR-0090,True,247,0,21,69619.8,0.0,69619.8,69619.8,False
CLM-0000246,POL-0001657,CUS-0001657,VEH-0001657,2024-05-12,2024-05-13,2024-10-13,Collision,Closed,GAR-0203,True,289,1,20,11031.15,0.0,11031.15,11031.15,False
CLM-0000247,POL-0001669,CUS-0001669,VEH-0001669,2024-04-16,2024-04-17,2024-07-14,Collision,Closed,GAR-0114,False,180,1,18,93517.58,0.0,93517.58,93517.58,False
CLM-0000248,POL-0001671,CUS-0001671,VEH-0001671,2025-10-12,2025-10-13,,Collision,Open,GAR-0190,False,257,1,10,13164.58,10073.75,23238.33,21231.49,False
CLM-0000249,POL-0001672,CUS-0001672,VEH-0001672,2024-06-03,2024-06-03,,Weather,Open,GAR-0167,False,293,0,14,43451.24,19659.78,63111.02,64684.53,False
CLM-0000250,POL-0001673,CUS-0001673,VEH-0001673,2023-06-20,2023-06-20,2023-08-25,Collision,Closed,GAR-0205,False,82,0,8,41457.25,0.0,41457.25,41457.25,False
