policy_id,customer_id,vehicle_id,policy_start,policy_end,observation_end,underwriting_year,usage_type,sales_channel,coverage_package,deductible,no_claim_years,exposure_years,annual_written_premium,earned_premium,commission_ratio,expected_annual_frequency_seed,expected_severity_seed
POL-0000001,CUS-0000001,VEH-0000001,2023-05-15,2024-05-13,2024-05-13,2023,Private,Agency,Standard,0.0,1,0.999316,21307.96,21293.38,0.15,0.202337,79510.69
POL-0000002,CUS-0000002,VEH-0000002,2025-09-10,2026-09-09,2025-12-31,2025,Private,Agency,Standard,0.0,3,0.309377,31893.25,9867.04,0.15,0.15292,125149.35
POL-0000003,CUS-0000003,VEH-0000003,2024-03-20,2025-03-19,2025-03-19,2024,Private,Agency,Standard,0.0,1,0.999316,35094.78,35070.76,0.15,0.179637,98502.46
POL-0000004,CUS-0000004,VEH-0000004,2024-10-28,2025-10-27,2025-10-27,2024,Commercial,Agency,Standard,10000.0,3,0.999316,37093.32,37067.93,0.15,0.190999,155390.09
POL-0000005,CUS-0000005,VEH-0000005,2024-02-27,2025-02-25,2025-02-25,2024,Private,Agency,Standard,0.0,3,0.999316,12157.01,12148.69,0.15,0.108046,60534.35
POL-0000006,CUS-0000006,VEH-0000006,2023-07-14,2024-07-12,2024-07-12,2023,Private,Agency,Extended,10000.0,2,0.999316,12806.82,12798.05,0.15,0.116547,91880.06
POL-0000007,CUS-0000007,VEH-0000007,2023-06-28,2024-06-26,2024-06-26,2023,Private,Bank,Standard,5000.0,2,0.999316,13411.38,13402.2,0.13,0.111106,80334.62
POL-0000008,CUS-0000008,VEH-0000008,2025-10-11,2026-10-10,2025-12-31,2025,Private,Direct,Extended,0.0,3,0.224504,16261.06,3650.67,0.06,0.113064,105920.21
POL-0000009,CUS-0000009,VEH-0000009,2024-03-08,2025-03-07,2025-03-07,2024,Private,Agency,Extended,0.0,4,0.999316,43270.02,43240.4,0.15,0.282086,102061.1
POL-0000010,CUS-0000010,VEH-0000010,2025-05-23,2026-05-22,2025-12-31,2025,Private,Agency,Standard,0.0,1,0.610541,13487.86,8234.89,0.15,0.141631,63253.21
POL-0000011,CUS-0000011,VEH-0000011,2024-07-08,2025-07-07,2025-07-07,2024,Private,Broker,Standard,0.0,1,0.999316,36496.88,36471.9,0.17,0.136063,161956.71
POL-0000012,CUS-0000012,VEH-0000012,2024-07-08,2025-07-07,2025-07-07,2024,Private,Broker,Standard,10000.0,2,0.999316,18608.61,18595.87,0.17,0.128529,122846.05
POL-0000013,CUS-0000013,VEH-0000013,2023-04-30,2024-04-28,2024-04-28,2023,Private,Bank,Extended,5000.0,0,0.999316,41347.97,41319.67,0.13,0.232935,100308.4
POL-0000014,CUS-0000014,VEH-0000014,2024-09-17,2025-09-16,2025-09-16,2024,Private,Direct,Standard,2500.0,1,0.999316,17150.89,17139.15,0.06,0.205561,53352.66
POL-0000015,CUS-0000015,VEH-0000015,2024-03-03,2025-03-02,2025-03-02,2024,Private,Direct,Extended,0.0,2,0.999316,20539.43,20525.37,0.06,0.151194,89123.3
POL-0000016,CUS-0000016,VEH-0000016,2025-08-13,2026-08-12,2025-12-31,2025,Private,Direct,Extended,2500.0,4,0.386037,30491.39,11770.8,0.06,0.183892,122015.52
POL-0000017,CUS-0000017,VEH-0000017,2023-01-24,2024-01-23,2024-01-23,2023,Private,Agency,Standard,0.0,3,0.999316,13185.67,13176.64,0.15,0.119381,87578.16
POL-0000018,CUS-0000018,VEH-0000018,2023-08-14,2024-08-12,2024-08-12,2023,Private,Broker,Extended,2500.0,4,0.999316,23379.69,23363.69,0.17,0.156952,94143.44
POL-0000019,CUS-0000019,VEH-0000019,2024-02-05,2025-02-03,2025-02-03,2024,Private,Agency,Extended,0.0,5,0.999316,17268.84,17257.02,0.15,0.101677,110729.82
POL-0000020,CUS-0000020,VEH-0000020,2025-01-19,2026-01-18,2025-12-31,2025,Private,Agency,Standard,0.0,1,0.950034,22471.91,21349.08,0.15,0.17779,87966.05
POL-0000021,CUS-0000021,VEH-0000021,2024-07-15,2025-07-14,2025-07-14,2024,Private,Agency,Standard,0.0,3,0.999316,28932.64,28912.84,0.15,0.096069,152853.55
POL-0000022,CUS-0000022,VEH-0000022,2024-12-03,2025-12-02,2025-12-02,2024,Private,Bank,Standard,0.0,1,0.999316,31812.42,31790.65,0.13,0.149493,148658.97
POL-0000023,CUS-0000023,VEH-0000023,2025-04-26,2026-04-25,2025-12-31,2025,Private,Direct,Extended,5000.0,3,0.684463,25845.54,17690.31,0.06,0.099859,177831.01
POL-0000024,CUS-0000024,VEH-0000024,2023-08-27,2024-08-25,2024-08-25,2023,Commercial,Direct,Extended,2500.0,2,0.999316,28112.51,28093.27,0.06,0.178137,104854.09
POL-0000025,CUS-0000025,VEH-0000025,2024-01-28,2025-01-26,2025-01-26,2024,Commercial,Agency,Standard,0.0,3,0.999316,34363.44,34339.92,0.15,0.219522,136362.87
POL-0000026,CUS-0000026,VEH-0000026,2025-03-16,2026-03-15,2025-12-31,2025,Fleet,Agency,Standard,0.0,2,0.796715,35501.51,28284.57,0.15,0.161935,129942.24
POL-0000027,CUS-0000027,VEH-0000027,2025-07-12,2026-07-11,2025-12-31,2025,Private,Agency,Extended,0.0,1,0.473648,36654.95,17361.55,0.15,0.307026,83090.48
POL-0000028,CUS-0000028,VEH-0000028,2023-04-11,2024-04-09,2024-04-09,2023,Private,Agency,Premium,0.0,1,0.999316,19896.24,19882.62,0.15,0.15333,88064.25
POL-0000029,CUS-0000029,VEH-0000029,2025-04-12,2026-04-11,2025-12-31,2025,Private,Agency,Extended,0.0,2,0.722793,25087.88,18133.33,0.15,0.127161,176817.93
POL-0000030,CUS-0000030,VEH-0000030,2024-08-14,2025-08-13,2025-08-13,2024,Private,Direct,Standard,0.0,3,0.999316,23282.77,23266.83,0.06,0.122824,112836.69
POL-0000031,CUS-0000031,VEH-0000031,2025-05-11,2026-05-10,2025-12-31,2025,Private,Bank,Premium,5000.0,4,0.643395,43595.29,28048.99,0.13,0.110659,221582.3
POL-0000032,CUS-0000032,VEH-0000032,2024-08-07,2025-08-06,2025-08-06,2024,Fleet,Bank,Extended,2500.0,3,0.999316,18987.52,18974.52,0.13,0.186563,94596.93
POL-0000033,CUS-0000033,VEH-0000033,2024-12-31,2025-12-30,2025-12-30,2024,Private,Bank,Extended,0.0,1,0.999316,57064.12,57025.06,0.13,0.197894,202494.43
POL-0000034,CUS-0000034,VEH-0000034,2024-05-19,2025-05-18,2025-05-18,2024,Private,Agency,Standard,0.0,6,0.999316,21108.41,21093.96,0.15,0.120969,106465.95
POL-0000035,CUS-0000035,VEH-0000035,2024-12-07,2025-12-06,2025-12-06,2024,Private,Agency,Standard,2500.0,1,0.999316,45699.77,45668.49,0.15,0.148743,158683.8
POL-0000036,CUS-0000036,VEH-0000036,2023-09-29,2024-09-27,2024-09-27,2023,Private,Agency,Standard,0.0,4,0.999316,11659.31,11651.33,0.15,0.133405,65151.19
POL-0000037,CUS-0000037,VEH-0000037,2025-08-22,2026-08-21,2025-12-31,2025,Commercial,Direct,Standard,0.0,0,0.361396,43676.28,15784.45,0.06,0.280773,121262.41
POL-0000038,CUS-0000038,VEH-0000038,2025-11-28,2026-11-27,2025-12-31,2025,Private,Bank,Standard,0.0,2,0.093087,51766.87,4818.82,0.13,0.187585,208553.43
POL-0000039,CUS-0000039,VEH-0000039,2025-07-03,2026-07-02,2025-12-31,2025,Private,Direct,Extended,2500.0,1,0.498289,30462.78,15179.26,0.06,0.14861,156306.27
POL-0000040,CUS-0000040,VEH-0000040,2023-12-03,2024-12-01,2024-12-01,2023,Private,Agency,Standard,5000.0,2,0.999316,17074.66,17062.97,0.15,0.157989,72306.12
POL-0000041,CUS-0000041,VEH-0000041,2024-02-10,2025-02-08,2025-02-08,2024,Private,Agency,Extended,2500.0,3,0.999316,14643.77,14633.75,0.15,0.137065,71181.16
POL-0000042,CUS-0000042,VEH-0000042,2025-08-18,2026-08-17,2025-12-31,2025,Private,Agency,Standard,10000.0,0,0.372348,32325.31,12036.26,0.15,0.14416,218329.16
POL-0000043,CUS-0000043,VEH-0000043,2025-06-07,2026-06-06,2025-12-31,2025,Private,Bank,Premium,0.0,3,0.569473,15027.72,8557.88,0.13,0.143841,83125.81
POL-0000044,CUS-0000044,VEH-0000044,2023-08-18,2024-08-16,2024-08-16,2023,Fleet,Agency,Standard,2500.0,1,0.999316,26152.24,26134.34,0.15,0.186437,76972.69
POL-0000045,CUS-0000045,VEH-0000045,2024-10-15,2025-10-14,2025-10-14,2024,Private,Bank,Premium,0.0,1,0.999316,16399.6,16388.38,0.13,0.165575,92760.63
POL-0000046,CUS-0000046,VEH-0000046,2024-06-12,2025-06-11,2025-06-11,2024,Private,Agency,Extended,0.0,0,0.999316,27897.31,27878.22,0.15,0.239787,64607.86
POL-0000047,CUS-0000047,VEH-0000047,2023-07-04,2024-07-02,2024-07-02,2023,Private,Agency,Extended,0.0,0,0.999316,20916.91,20902.59,0.15,0.149604,86799.61
POL-0000048,CUS-0000048,VEH-0000048,2024-02-18,2025-02-16,2025-02-16,2024,Private,Agency,Standard,0.0,1,0.999316,21025.06,21010.67,0.15,0.13003,92223.8
POL-0000049,CUS-0000049,VEH-0000049,2023-07-17,2024-07-15,2024-07-15,2023,Private,Agency,Extended,2500.0,4,0.999316,10259.9,10252.88,0.15,0.092524,73138.19
POL-0000050,CUS-0000050,VEH-0000050,2023-01-23,2024-01-22,2024-01-22,2023,Private,Agency,Extended,0.0,0,0.999316,17316.83,17304.98,0.15,0.205409,66388.68
POL-0000051,CUS-0000051,VEH-0000051,2023-09-16,2024-09-14,2024-09-14,2023,Private,Agency,Standard,2500.0,5,0.999316,8638.11,8632.2,0.15,0.083058,69638.14
POL-0000052,CUS-0000052,VEH-0000052,2025-02-15,2026-02-14,2025-12-31,2025,Private,Broker,Standard,0.0,0,0.876112,35516.25,31116.22,0.17,0.156485,157300.77
POL-0000053,CUS-0000053,VEH-0000053,2025-01-18,2026-01-17,2025-12-31,2025,Commercial,Direct,Extended,0.0,2,0.952772,40075.89,38183.19,0.06,0.145332,207299.9
POL-0000054,CUS-0000054,VEH-0000054,2023-01-18,2024-01-17,2024-01-17,2023,Private,Agency,Extended,5000.0,0,0.999316,19005.89,18992.88,0.15,0.182937,81354.07
POL-0000055,CUS-0000055,VEH-0000055,2024-01-01,2024-12-30,2024-12-30,2024,Private,Broker,Extended,2500.0,3,0.999316,13107.65,13098.68,0.17,0.144119,71927.74
POL-0000056,CUS-0000056,VEH-0000056,2024-10-08,2025-10-07,2025-10-07,2024,Commercial,Bank,Standard,0.0,4,0.999316,30834.32,30813.22,0.13,0.17305,147818.75
POL-0000057,CUS-0000057,VEH-0000057,2023-02-06,2024-02-05,2024-02-05,2023,Private,Agency,Extended,0.0,2,0.999316,20330.46,20316.54,0.15,0.142782,85368.49
POL-0000058,CUS-0000058,VEH-0000058,2024-04-12,2025-04-11,2025-04-11,2024,Private,Agency,Extended,5000.0,3,0.999316,26861.45,26843.06,0.15,0.177058,96976.74
POL-0000059,CUS-0000059,VEH-0000059,2025-04-30,2026-04-29,2025-12-31,2025,Private,Agency,Extended,5000.0,4,0.673511,36099.15,24313.19,0.15,0.106311,235353.31
POL-0000060,CUS-0000060,VEH-0000060,2025-07-03,2026-07-02,2025-12-31,2025,Private,Broker,Extended,0.0,1,0.498289,21255.21,10591.23,0.17,0.124891,108819.66
POL-0000061,CUS-0000061,VEH-0000061,2024-12-29,2025-12-28,2025-12-28,2024,Private,Agency,Premium,5000.0,2,0.999316,24935.74,24918.67,0.15,0.158065,124018.61
POL-0000062,CUS-0000062,VEH-0000062,2025-06-23,2026-06-22,2025-12-31,2025,Private,Agency,Standard,5000.0,4,0.525667,30681.45,16128.24,0.15,0.134034,181126.04
POL-0000063,CUS-0000063,VEH-0000063,2024-11-21,2025-11-20,2025-11-20,2024,Private,Direct,Standard,0.0,2,0.999316,21538.03,21523.29,0.06,0.140788,109616.81
POL-0000064,CUS-0000064,VEH-0000064,2024-10-24,2025-10-23,2025-10-23,2024,Private,Agency,Standard,2500.0,2,0.999316,35545.84,35521.51,0.15,0.182404,121130.78
POL-0000065,CUS-0000065,VEH-0000065,2025-11-20,2026-11-19,2025-12-31,2025,Private,Agency,Premium,0.0,3,0.11499,48324.12,5556.78,0.15,0.117196,280696.9
POL-0000066,CUS-0000066,VEH-0000066,2023-08-06,2024-08-04,2024-08-04,2023,Private,Bank,Extended,5000.0,1,0.999316,8628.96,8623.05,0.13,0.163855,43443.72
POL-0000067,CUS-0000067,VEH-0000067,2023-11-28,2024-11-26,2024-11-26,2023,Private,Broker,Standard,0.0,4,0.999316,10440.41,10433.26,0.17,0.149883,48117.44
POL-0000068,CUS-0000068,VEH-0000068,2024-12-26,2025-12-25,2025-12-25,2024,Fleet,Agency,Extended,0.0,2,0.999316,19892.55,19878.93,0.15,0.169454,86441.29
POL-0000069,CUS-0000069,VEH-0000069,2025-11-28,2026-11-27,2025-12-31,2025,Private,Agency,Standard,0.0,2,0.093087,60689.97,5649.44,0.15,0.195943,185044.64
POL-0000070,CUS-0000070,VEH-0000070,2023-10-01,2024-09-29,2024-09-29,2023,Private,Direct,Extended,5000.0,4,0.999316,6463.33,6458.91,0.06,0.138942,40245.94
POL-0000071,CUS-0000071,VEH-0000071,2025-06-04,2026-06-03,2025-12-31,2025,Private,Agency,Standard,2500.0,1,0.577687,40136.29,23186.19,0.15,0.183925,168133.01
POL-0000072,CUS-0000072,VEH-0000072,2024-05-21,2025-05-20,2025-05-20,2024,Private,Broker,Extended,5000.0,4,0.999316,17019.8,17008.15,0.17,0.098261,127934.69
POL-0000073,CUS-0000073,VEH-0000073,2024-08-31,2025-08-30,2025-08-30,2024,Commercial,Bank,Standard,0.0,2,0.999316,36931.96,36906.68,0.13,0.175115,143400.94
POL-0000074,CUS-0000074,VEH-0000074,2023-06-19,2024-06-17,2024-06-17,2023,Private,Agency,Extended,0.0,2,0.999316,17255.81,17244.0,0.15,0.134535,69427.65
POL-0000075,CUS-0000075,VEH-0000075,2024-03-20,2025-03-19,2025-03-19,2024,Private,Bank,Extended,0.0,1,0.999316,20231.55,20217.7,0.13,0.160088,91473.64
POL-0000076,CUS-0000076,VEH-0000076,2023-10-14,2024-10-12,2024-10-12,2023,Private,Agency,Extended,0.0,5,0.999316,9780.36,9773.67,0.15,0.094906,75647.21
POL-0000077,CUS-0000077,VEH-0000077,2025-10-16,2026-10-15,2025-12-31,2025,Commercial,Agency,Extended,10000.0,4,0.210815,26762.52,5641.93,0.15,0.191477,106576.77
POL-0000078,CUS-0000078,VEH-0000078,2024-05-27,2025-05-26,2025-05-26,2024,Private,Broker,Standard,0.0,5,0.999316,25802.72,25785.06,0.17,0.132934,99051.71
POL-0000079,CUS-0000079,VEH-0000079,2025-10-14,2026-10-13,2025-12-31,2025,Private,Bank,Standard,0.0,0,0.21629,41215.19,8914.44,0.13,0.157249,183371.13
POL-0000080,CUS-0000080,VEH-0000080,2025-08-06,2026-08-05,2025-12-31,2025,Private,Agency,Standard,2500.0,3,0.405202,37709.64,15280.02,0.15,0.131273,191603.96
POL-0000081,CUS-0000081,VEH-0000081,2023-11-28,2024-11-26,2024-11-26,2023,Fleet,Agency,Premium,2500.0,2,0.999316,30117.1,30096.49,0.15,0.225045,90554.88
POL-0000082,CUS-0000082,VEH-0000082,2023-12-31,2024-12-29,2024-12-29,2023,Private,Agency,Extended,2500.0,2,0.999316,10356.28,10349.19,0.15,0.096757,85556.71
POL-0000083,CUS-0000083,VEH-0000083,2024-02-08,2025-02-06,2025-02-06,2024,Private,Direct,Standard,0.0,3,0.999316,20071.83,20058.09,0.06,0.167811,74924.58
POL-0000084,CUS-0000084,VEH-0000084,2025-11-07,2026-11-06,2025-12-31,2025,Private,Bank,Standard,2500.0,2,0.150582,37090.73,5585.19,0.13,0.134672,239919.37
POL-0000085,CUS-0000085,VEH-0000085,2024-04-25,2025-04-24,2025-04-24,2024,Fleet,Agency,Standard,5000.0,4,0.999316,17837.51,17825.3,0.15,0.169728,78857.53
POL-0000086,CUS-0000086,VEH-0000086,2023-06-19,2024-06-17,2024-06-17,2023,Commercial,Agency,Extended,2500.0,1,0.999316,29025.35,29005.48,0.15,0.293252,68579.09
POL-0000087,CUS-0000087,VEH-0000087,2024-07-17,2025-07-16,2025-07-16,2024,Private,Agency,Standard,0.0,6,0.999316,15571.31,15560.65,0.15,0.122814,84360.59
POL-0000088,CUS-0000088,VEH-0000088,2025-07-02,2026-07-01,2025-12-31,2025,Private,Agency,Extended,0.0,1,0.501027,36416.05,18245.41,0.15,0.201914,121651.58
POL-0000089,CUS-0000089,VEH-0000089,2025-04-04,2026-04-03,2025-12-31,2025,Private,Agency,Standard,0.0,1,0.744695,47481.9,35359.55,0.15,0.187853,146826.9
POL-0000090,CUS-0000090,VEH-0000090,2023-03-22,2024-03-20,2024-03-20,2023,Private,Direct,Extended,10000.0,6,0.999316,6607.44,6602.92,0.06,0.120092,44240.75
POL-0000091,CUS-0000091,VEH-0000091,2024-08-21,2025-08-20,2025-08-20,2024,Commercial,Direct,Extended,2500.0,2,0.999316,55749.43,55711.27,0.06,0.263162,122044.87
POL-0000092,CUS-0000092,VEH-0000092,2025-03-19,2026-03-18,2025-12-31,2025,Private,Bank,Extended,2500.0,2,0.788501,20262.37,15976.9,0.13,0.167544,99919.93
POL-0000093,CUS-0000093,VEH-0000093,2023-08-08,2024-08-06,2024-08-06,2023,Private,Agency,Standard,0.0,1,0.999316,29286.94,29266.89,0.15,0.177522,103721.78
POL-0000094,CUS-0000094,VEH-0000094,2023-08-08,2024-08-06,2024-08-06,2023,Private,Direct,Extended,2500.0,1,0.999316,15857.89,15847.04,0.06,0.164636,73616.9
POL-0000095,CUS-0000095,VEH-0000095,2024-04-19,2025-04-18,2025-04-18,2024,Fleet,Agency,Standard,0.0,5,0.999316,24397.83,24381.13,0.15,0.187055,87387.12
POL-0000096,CUS-0000096,VEH-0000096,2024-07-24,2025-07-23,2025-07-23,2024,Commercial,Agency,Standard,2500.0,1,0.999316,58949.59,58909.24,0.15,0.320989,138037.98
POL-0000097,CUS-0000097,VEH-0000097,2025-07-04,2026-07-03,2025-12-31,2025,Private,Direct,Standard,0.0,0,0.495551,58049.01,28766.24,0.06,0.261405,130094.9
POL-0000098,CUS-0000098,VEH-0000098,2025-06-24,2026-06-23,2025-12-31,2025,Private,Agency,Standard,0.0,4,0.52293,12974.29,6784.64,0.15,0.131313,80702.57
POL-0000099,CUS-0000099,VEH-0000099,2023-08-19,2024-08-17,2024-08-17,2023,Private,Agency,Standard,0.0,2,0.999316,21819.1,21804.17,0.15,0.143066,87162.63
POL-0000100,CUS-0000100,VEH-0000100,2024-12-02,2025-12-01,2025-12-01,2024,Private,Direct,Premium,0.0,2,0.999316,27784.07,27765.05,0.06,0.181422,118350.58
POL-0000101,CUS-0000101,VEH-0000101,2023-10-26,2024-10-24,2024-10-24,2023,Private,Agency,Premium,0.0,2,0.999316,12723.17,12714.46,0.15,0.120386,71011.53
POL-0000102,CUS-0000102,VEH-0000102,2024-09-03,2025-09-02,2025-09-02,2024,Private,Direct,Extended,0.0,3,0.999316,12520.44,12511.87,0.06,0.114644,78520.53
POL-0000103,CUS-0000103,VEH-0000103,2024-03-18,2025-03-17,2025-03-17,2024,Private,Bank,Standard,2500.0,2,0.999316,18862.14,18849.23,0.13,0.13111,98379.69
POL-0000104,CUS-0000104,VEH-0000104,2025-06-18,2026-06-17,2025-12-31,2025,Private,Agency,Standard,5000.0,3,0.539357,39189.5,21137.12,0.15,0.185327,161703.52
POL-0000105,CUS-0000105,VEH-0000105,2023-03-01,2024-02-28,2024-02-28,2023,Private,Direct,Standard,0.0,1,0.999316,14010.09,14000.5,0.06,0.152051,73217.81
POL-0000106,CUS-0000106,VEH-0000106,2025-03-13,2026-03-12,2025-12-31,2025,Private,Bank,Standard,5000.0,2,0.804928,15212.97,12245.35,0.13,0.13294,100517.45
POL-0000107,CUS-0000107,VEH-0000107,2023-03-14,2024-03-12,2024-03-12,2023,Private,Agency,Extended,10000.0,1,0.999316,23375.18,23359.18,0.15,0.179171,108889.24
POL-0000108,CUS-0000108,VEH-0000108,2024-01-05,2025-01-03,2025-01-03,2024,Private,Bank,Standard,2500.0,3,0.999316,33546.0,33523.04,0.13,0.200927,92098.69
POL-0000109,CUS-0000109,VEH-0000109,2023-10-12,2024-10-10,2024-10-10,2023,Private,Direct,Extended,2500.0,1,0.999316,19140.74,19127.64,0.06,0.183847,59103.33
POL-0000110,CUS-0000110,VEH-0000110,2024-10-15,2025-10-14,2025-10-14,2024,Private,Agency,Standard,5000.0,2,0.999316,19227.77,19214.61,0.15,0.140979,124636.04
POL-0000111,CUS-0000111,VEH-0000111,2025-07-03,2026-07-02,2025-12-31,2025,Fleet,Agency,Extended,0.0,1,0.498289,52308.68,26064.83,0.15,0.192802,186492.38
POL-0000112,CUS-0000112,VEH-0000112,2024-02-18,2025-02-16,2025-02-16,2024,Private,Agency,Extended,0.0,2,0.999316,22388.46,22373.14,0.15,0.16822,88009.53
POL-0000113,CUS-0000113,VEH-0000113,2024-10-27,2025-10-26,2025-10-26,2024,Private,Bank,Extended,2500.0,2,0.999316,25954.26,25936.5,0.13,0.177497,124032.07
POL-0000114,CUS-0000114,VEH-0000114,2025-10-16,2026-10-15,2025-12-31,2025,Private,Agency,Extended,2500.0,2,0.210815,25236.25,5320.17,0.15,0.199487,94897.58
POL-0000115,CUS-0000115,VEH-0000115,2024-11-16,2025-11-15,2025-11-15,2024,Commercial,Agency,Standard,2500.0,2,0.999316,30105.43,30084.82,0.15,0.230143,94836.79
POL-0000116,CUS-0000116,VEH-0000116,2025-02-10,2026-02-09,2025-12-31,2025,Private,Bank,Extended,2500.0,4,0.889802,18920.61,16835.59,0.13,0.088227,129708.19
POL-0000117,CUS-0000117,VEH-0000117,2024-10-28,2025-10-27,2025-10-27,2024,Private,Bank,Extended,2500.0,2,0.999316,22682.49,22666.96,0.13,0.142215,106732.13
POL-0000118,CUS-0000118,VEH-0000118,2024-07-18,2025-07-17,2025-07-17,2024,Private,Bank,Standard,5000.0,2,0.999316,24384.64,24367.95,0.13,0.140286,105881.79
POL-0000119,CUS-0000119,VEH-0000119,2024-06-27,2025-06-26,2025-06-26,2024,Private,Broker,Standard,0.0,2,0.999316,20337.61,20323.69,0.17,0.160732,80397.48
POL-0000120,CUS-0000120,VEH-0000120,2025-02-14,2026-02-13,2025-12-31,2025,Private,Agency,Standard,5000.0,0,0.87885,18472.59,16234.64,0.15,0.174348,71440.38
POL-0000121,CUS-0000121,VEH-0000121,2023-08-04,2024-08-02,2024-08-02,2023,Private,Direct,Extended,0.0,2,0.999316,15208.16,15197.75,0.06,0.133072,72366.63
POL-0000122,CUS-0000122,VEH-0000122,2024-01-31,2025-01-29,2025-01-29,2024,Private,Direct,Extended,5000.0,1,0.999316,19180.98,19167.85,0.06,0.18164,67659.51
POL-0000123,CUS-0000123,VEH-0000123,2023-01-07,2024-01-06,2024-01-06,2023,Private,Bank,Standard,0.0,2,0.999316,17241.75,17229.95,0.13,0.117115,96781.1
POL-0000124,CUS-0000124,VEH-0000124,2024-05-04,2025-05-03,2025-05-03,2024,Private,Agency,Standard,0.0,4,0.999316,16083.01,16072.0,0.15,0.177845,60638.85
POL-0000125,CUS-0000125,VEH-0000125,2023-11-25,2024-11-23,2024-11-23,2023,Commercial,Agency,Standard,5000.0,5,0.999316,13596.21,13586.9,0.15,0.131001,67001.98
POL-0000126,CUS-0000126,VEH-0000126,2023-04-27,2024-04-25,2024-04-25,2023,Private,Bank,Standard,5000.0,1,0.999316,27102.47,27083.92,0.13,0.210728,89614.86
POL-0000127,CUS-0000127,VEH-0000127,2025-01-25,2026-01-24,2025-12-31,2025,Private,Agency,Standard,0.0,3,0.933607,25040.94,23378.4,0.15,0.115118,156282.68
POL-0000128,CUS-0000128,VEH-0000128,2024-08-10,2025-08-09,2025-08-09,2024,Private,Bank,Extended,2500.0,4,0.999316,19443.89,19430.58,0.13,0.11201,111601.84
POL-0000129,CUS-0000129,VEH-0000129,2025-06-24,2026-06-23,2025-12-31,2025,Private,Broker,Standard,0.0,3,0.52293,19713.32,10308.68,0.17,0.149582,93459.07
POL-0000130,CUS-0000130,VEH-0000130,2024-12-30,2025-12-29,2025-12-29,2024,Private,Direct,Premium,0.0,0,0.999316,25449.27,25431.85,0.06,0.12287,150130.12
POL-0000131,CUS-0000131,VEH-0000131,2024-11-16,2025-11-15,2025-11-15,2024,Private,Broker,Extended,2500.0,2,0.999316,25757.93,25740.3,0.17,0.150795,108948.36
POL-0000132,CUS-0000132,VEH-0000132,2023-09-12,2024-09-10,2024-09-10,2023,Private,Agency,Premium,5000.0,1,0.999316,13896.0,13886.49,0.15,0.122606,91228.29
POL-0000133,CUS-0000133,VEH-0000133,2024-08-14,2025-08-13,2025-08-13,2024,Private,Broker,Standard,2500.0,1,0.999316,39411.32,39384.34,0.17,0.176285,131802.85
POL-0000134,CUS-0000134,VEH-0000134,2024-07-21,2025-07-20,2025-07-20,2024,Private,Bank,Extended,0.0,2,0.999316,27933.97,27914.85,0.13,0.146501,119744.44
POL-0000135,CUS-0000135,VEH-0000135,2025-09-29,2026-09-28,2025-12-31,2025,Private,Agency,Extended,5000.0,1,0.257358,54914.41,14132.66,0.15,0.223254,157556.6
POL-0000136,CUS-0000136,VEH-0000136,2024-06-10,2025-06-09,2025-06-09,2024,Private,Agency,Standard,2500.0,3,0.999316,16379.45,16368.24,0.15,0.108467,112998.64
POL-0000137,CUS-0000137,VEH-0000137,2023-11-16,2024-11-14,2024-11-14,2023,Commercial,Agency,Extended,2500.0,5,0.999316,55156.41,55118.66,0.15,0.315081,131425.85
POL-0000138,CUS-0000138,VEH-0000138,2025-03-22,2026-03-21,2025-12-31,2025,Private,Agency,Standard,2500.0,5,0.780287,26891.13,20982.81,0.15,0.222849,93413.06
POL-0000139,CUS-0000139,VEH-0000139,2025-02-17,2026-02-16,2025-12-31,2025,Private,Agency,Standard,2500.0,2,0.870637,15410.62,13417.05,0.15,0.118502,109957.08
POL-0000140,CUS-0000140,VEH-0000140,2024-09-02,2025-09-01,2025-09-01,2024,Private,Bank,Standard,0.0,6,0.999316,15723.34,15712.58,0.13,0.124605,89301.18
POL-0000141,CUS-0000141,VEH-0000141,2024-11-06,2025-11-05,2025-11-05,2024,Private,Broker,Standard,5000.0,6,0.999316,15138.78,15128.42,0.17,0.08092,145696.14
POL-0000142,CUS-0000142,VEH-0000142,2025-09-13,2026-09-12,2025-12-31,2025,Private,Agency,Extended,5000.0,0,0.301164,31823.33,9584.03,0.15,0.157936,184411.34
POL-0000143,CUS-0000143,VEH-0000143,2023-03-20,2024-03-18,2024-03-18,2023,Commercial,Agency,Standard,5000.0,3,0.999316,13457.85,13448.64,0.15,0.157329,66065.05
POL-0000144,CUS-0000144,VEH-0000144,2024-07-21,2025-07-20,2025-07-20,2024,Private,Broker,Standard,0.0,0,0.999316,16733.06,16721.61,0.17,0.147913,62463.99
POL-0000145,CUS-0000145,VEH-0000145,2025-02-18,2026-02-17,2025-12-31,2025,Private,Agency,Standard,2500.0,1,0.867899,28557.76,24785.24,0.15,0.16024,125937.68
POL-0000146,CUS-0000146,VEH-0000146,2025-11-02,2026-11-01,2025-12-31,2025,Private,Bank,Extended,2500.0,1,0.164271,32697.68,5371.28,0.13,0.156222,170815.76
POL-0000147,CUS-0000147,VEH-0000147,2023-04-04,2024-04-02,2024-04-02,2023,Commercial,Direct,Extended,0.0,1,0.999316,56414.09,56375.48,0.06,0.312802,119535.93
POL-0000148,CUS-0000148,VEH-0000148,2023-08-22,2024-08-20,2024-08-20,2023,Commercial,Agency,Extended,0.0,1,0.999316,39124.06,39097.28,0.15,0.210413,118114.57
POL-0000149,CUS-0000149,VEH-0000149,2024-12-10,2025-12-09,2025-12-09,2024,Private,Bank,Standard,0.0,3,0.999316,28253.63,28234.29,0.13,0.185327,110480.37
POL-0000150,CUS-0000150,VEH-0000150,2023-03-06,2024-03-04,2024-03-04,2023,Private,Agency,Standard,0.0,3,0.999316,8061.91,8056.39,0.15,0.113473,45418.25
POL-0000151,CUS-0000151,VEH-0000151,2025-02-10,2026-02-09,2025-12-31,2025,Private,Agency,Extended,0.0,4,0.889802,15974.26,14213.92,0.15,0.118932,103112.79
POL-0000152,CUS-0000152,VEH-0000152,2024-06-27,2025-06-26,2025-06-26,2024,Private,Agency,Standard,2500.0,0,0.999316,20474.44,20460.43,0.15,0.163674,79903.09
POL-0000153,CUS-0000153,VEH-0000153,2024-03-30,2025-03-29,2025-03-29,2024,Private,Bank,Extended,0.0,4,0.999316,25411.74,25394.35,0.13,0.123525,117803.34
POL-0000154,CUS-0000154,VEH-0000154,2023-01-06,2024-01-05,2024-01-05,2023,Private,Direct,Standard,2500.0,2,0.999316,16710.8,16699.36,0.06,0.159155,71248.79
POL-0000155,CUS-0000155,VEH-0000155,2024-03-18,2025-03-17,2025-03-17,2024,Private,Agency,Premium,0.0,2,0.999316,48455.94,48422.77,0.15,0.168606,173302.42
POL-0000156,CUS-0000156,VEH-0000156,2025-01-13,2026-01-12,2025-12-31,2025,Fleet,Direct,Extended,5000.0,3,0.966461,30478.5,29456.29,0.06,0.137284,181014.46
POL-0000157,CUS-0000157,VEH-0000157,2025-09-19,2026-09-18,2025-12-31,2025,Private,Bank,Extended,0.0,3,0.284736,40697.91,11588.18,0.13,0.166315,155640.2
POL-0000158,CUS-0000158,VEH-0000158,2025-04-16,2026-04-15,2025-12-31,2025,Private,Agency,Standard,2500.0,4,0.711841,12588.57,8961.06,0.15,0.085381,132318.86
POL-0000159,CUS-0000159,VEH-0000159,2025-08-21,2026-08-20,2025-12-31,2025,Private,Agency,Standard,0.0,0,0.364134,22377.05,8148.25,0.15,0.164205,100009.76
POL-0000160,CUS-0000160,VEH-0000160,2023-11-26,2024-11-24,2024-11-24,2023,Private,Direct,Standard,2500.0,2,0.999316,11382.72,11374.93,0.06,0.127206,61446.82
POL-0000161,CUS-0000161,VEH-0000161,2024-09-12,2025-09-11,2025-09-11,2024,Commercial,Agency,Standard,0.0,1,0.999316,32775.89,32753.46,0.15,0.185108,102303.86
POL-0000162,CUS-0000162,VEH-0000162,2024-02-01,2025-01-30,2025-01-30,2024,Private,Agency,Extended,0.0,2,0.999316,13032.1,13023.18,0.15,0.16702,58576.73
POL-0000163,CUS-0000163,VEH-0000163,2025-04-30,2026-04-29,2025-12-31,2025,Private,Broker,Standard,2500.0,2,0.673511,20626.0,13891.84,0.17,0.164135,76793.83
POL-0000164,CUS-0000164,VEH-0000164,2024-12-12,2025-12-11,2025-12-11,2024,Private,Agency,Extended,2500.0,4,0.999316,15996.34,15985.39,0.15,0.120451,107194.36
POL-0000165,CUS-0000165,VEH-0000165,2024-12-09,2025-12-08,2025-12-08,2024,Commercial,Bank,Standard,0.0,1,0.999316,58783.6,58743.36,0.13,0.220515,167979.28
POL-0000166,CUS-0000166,VEH-0000166,2025-05-09,2026-05-08,2025-12-31,2025,Private,Agency,Standard,0.0,1,0.648871,40118.37,26031.63,0.15,0.166771,169175.51
POL-0000167,CUS-0000167,VEH-0000167,2025-10-25,2026-10-24,2025-12-31,2025,Private,Agency,Extended,2500.0,1,0.186174,40701.91,7577.63,0.15,0.270225,110724.22
POL-0000168,CUS-0000168,VEH-0000168,2023-06-12,2024-06-10,2024-06-10,2023,Private,Bank,Standard,2500.0,2,0.999316,12862.69,12853.89,0.13,0.121073,77565.0
POL-0000169,CUS-0000169,VEH-0000169,2024-02-09,2025-02-07,2025-02-07,2024,Private,Agency,Extended,0.0,2,0.999316,15338.02,15327.52,0.15,0.130228,81685.87
POL-0000170,CUS-0000170,VEH-0000170,2024-01-25,2025-01-23,2025-01-23,2024,Commercial,Agency,Standard,0.0,2,0.999316,15311.66,15301.18,0.15,0.135211,82877.06
POL-0000171,CUS-0000171,VEH-0000171,2025-03-22,2026-03-21,2025-12-31,2025,Private,Direct,Extended,0.0,2,0.780287,35167.69,27440.91,0.06,0.146114,142400.85
POL-0000172,CUS-0000172,VEH-0000172,2023-11-13,2024-11-11,2024-11-11,2023,Private,Agency,Standard,10000.0,4,0.999316,13646.34,13637.0,0.15,0.110955,77526.12
POL-0000173,CUS-0000173,VEH-0000173,2025-02-06,2026-02-05,2025-12-31,2025,Private,Agency,Extended,0.0,3,0.900753,19136.19,17236.98,0.15,0.12712,131181.8
POL-0000174,CUS-0000174,VEH-0000174,2023-07-13,2024-07-11,2024-07-11,2023,Private,Agency,Standard,0.0,3,0.999316,15458.4,15447.82,0.15,0.139351,73279.34
POL-0000175,CUS-0000175,VEH-0000175,2024-09-13,2025-09-12,2025-09-12,2024,Commercial,Direct,Standard,0.0,1,0.999316,32974.16,32951.59,0.06,0.245049,86865.1
POL-0000176,CUS-0000176,VEH-0000176,2024-12-06,2025-12-05,2025-12-05,2024,Private,Agency,Standard,2500.0,2,0.999316,28443.21,28423.74,0.15,0.251952,88526.91
POL-0000177,CUS-0000177,VEH-0000177,2025-07-31,2026-07-30,2025-12-31,2025,Private,Bank,Extended,0.0,2,0.421629,45142.39,19033.34,0.13,0.217562,128934.84
POL-0000178,CUS-0000178,VEH-0000178,2025-09-09,2026-09-08,2025-12-31,2025,Private,Agency,Standard,2500.0,3,0.312115,27863.34,8696.57,0.15,0.109598,152613.54
POL-0000179,CUS-0000179,VEH-0000179,2025-06-07,2026-06-06,2025-12-31,2025,Private,Agency,Extended,0.0,3,0.569473,28326.89,16131.4,0.15,0.110728,159967.0
POL-0000180,CUS-0000180,VEH-0000180,2023-02-23,2024-02-22,2024-02-22,2023,Private,Agency,Extended,0.0,2,0.999316,20710.12,20695.94,0.15,0.214484,62682.04
POL-0000181,CUS-0000181,VEH-0000181,2023-04-05,2024-04-03,2024-04-03,2023,Private,Agency,Extended,0.0,5,0.999316,12391.71,12383.23,0.15,0.127477,67736.25
POL-0000182,CUS-0000182,VEH-0000182,2024-11-13,2025-11-12,2025-11-12,2024,Private,Agency,Standard,5000.0,2,0.999316,26532.65,26514.49,0.15,0.16997,151826.89
POL-0000183,CUS-0000183,VEH-0000183,2023-10-16,2024-10-14,2024-10-14,2023,Private,Agency,Standard,0.0,1,0.999316,22045.18,22030.09,0.15,0.164106,99950.76
POL-0000184,CUS-0000184,VEH-0000184,2025-10-31,2026-10-30,2025-12-31,2025,Commercial,Direct,Standard,5000.0,3,0.169747,54971.43,9331.22,0.06,0.221162,200713.29
POL-0000185,CUS-0000185,VEH-0000185,2024-08-29,2025-08-28,2025-08-28,2024,Private,Bank,Standard,2500.0,3,0.999316,15560.42,15549.77,0.13,0.140707,73291.7
POL-0000186,CUS-0000186,VEH-0000186,2024-07-04,2025-07-03,2025-07-03,2024,Private,Direct,Standard,5000.0,2,0.999316,18654.01,18641.24,0.06,0.129115,115324.75
POL-0000187,CUS-0000187,VEH-0000187,2025-09-01,2026-08-31,2025-12-31,2025,Private,Agency,Premium,0.0,6,0.334018,17710.57,5915.65,0.15,0.097448,133219.97
POL-0000188,CUS-0000188,VEH-0000188,2024-02-08,2025-02-06,2025-02-06,2024,Private,Agency,Standard,2500.0,1,0.999316,22223.02,22207.81,0.15,0.139565,121316.01
POL-0000189,CUS-0000189,VEH-0000189,2024-01-14,2025-01-12,2025-01-12,2024,Private,Bank,Extended,0.0,0,0.999316,18859.16,18846.25,0.13,0.140925,93454.14
POL-0000190,CUS-0000190,VEH-0000190,2023-07-14,2024-07-12,2024-07-12,2023,Private,Agency,Standard,0.0,4,0.999316,14066.15,14056.52,0.15,0.105023,92605.19
POL-0000191,CUS-0000191,VEH-0000191,2023-05-12,2024-05-10,2024-05-10,2023,Private,Bank,Extended,0.0,0,0.999316,18975.03,18962.04,0.13,0.202548,70084.6
POL-0000192,CUS-0000192,VEH-0000192,2023-01-06,2024-01-05,2024-01-05,2023,Private,Direct,Standard,0.0,1,0.999316,24461.73,24444.99,0.06,0.275409,68314.58
POL-0000193,CUS-0000193,VEH-0000193,2023-08-03,2024-08-01,2024-08-01,2023,Commercial,Agency,Extended,10000.0,2,0.999316,27459.7,27440.9,0.15,0.196168,106804.58
POL-0000194,CUS-0000194,VEH-0000194,2023-04-01,2024-03-30,2024-03-30,2023,Commercial,Bank,Extended,0.0,3,0.999316,20615.4,20601.29,0.13,0.234156,59533.68
POL-0000195,CUS-0000195,VEH-0000195,2024-08-17,2025-08-16,2025-08-16,2024,Private,Direct,Standard,5000.0,4,0.999316,19351.7,19338.45,0.06,0.119897,111748.38
POL-0000196,CUS-0000196,VEH-0000196,2023-07-30,2024-07-28,2024-07-28,2023,Private,Direct,Standard,2500.0,3,0.999316,30171.13,30150.48,0.06,0.357491,59805.54
POL-0000197,CUS-0000197,VEH-0000197,2024-09-16,2025-09-15,2025-09-15,2024,Private,Direct,Premium,0.0,1,0.999316,30149.97,30129.33,0.06,0.152876,123237.02
POL-0000198,CUS-0000198,VEH-0000198,2024-06-21,2025-06-20,2025-06-20,2024,Private,Agency,Standard,0.0,3,0.999316,22684.93,22669.4,0.15,0.122134,115709.38
POL-0000199,CUS-0000199,VEH-0000199,2025-03-04,2026-03-03,2025-12-31,2025,Private,Direct,Premium,2500.0,3,0.829569,18040.6,14965.92,0.06,0.127857,121262.77
POL-0000200,CUS-0000200,VEH-0000200,2023-08-21,2024-08-19,2024-08-19,2023,Commercial,Bank,Standard,0.0,5,0.999316,13994.73,13985.15,0.13,0.159822,60673.51
POL-0000201,CUS-0000201,VEH-0000201,2023-12-09,2024-12-07,2024-12-07,2023,Private,Agency,Extended,10000.0,4,0.999316,12872.96,12864.15,0.15,0.097572,115491.97
POL-0000202,CUS-0000202,VEH-0000202,2024-05-01,2025-04-30,2025-04-30,2024,Private,Broker,Standard,2500.0,5,0.999316,12187.64,12179.3,0.17,0.133587,71729.04
POL-0000203,CUS-0000203,VEH-0000203,2024-10-06,2025-10-05,2025-10-05,2024,Private,Agency,Standard,0.0,2,0.999316,20261.43,20247.56,0.15,0.120547,118393.27
POL-0000204,CUS-0000204,VEH-0000204,2025-01-09,2026-01-08,2025-12-31,2025,Commercial,Agency,Extended,5000.0,1,0.977413,57791.84,56486.48,0.15,0.273591,138917.89
POL-0000205,CUS-0000205,VEH-0000205,2023-11-08,2024-11-06,2024-11-06,2023,Private,Agency,Standard,0.0,3,0.999316,7615.25,7610.04,0.15,0.116894,43357.55
POL-0000206,CUS-0000206,VEH-0000206,2025-07-14,2026-07-13,2025-12-31,2025,Private,Agency,Extended,10000.0,1,0.468172,79912.81,37412.98,0.15,0.192627,245637.81
POL-0000207,CUS-0000207,VEH-0000207,2025-05-08,2026-05-07,2025-12-31,2025,Private,Agency,Standard,2500.0,3,0.651608,16158.39,10528.94,0.15,0.116855,110411.12
POL-0000208,CUS-0000208,VEH-0000208,2023-03-11,2024-03-09,2024-03-09,2023,Fleet,Agency,Standard,0.0,3,0.999316,12980.96,12972.08,0.15,0.137424,71260.78
POL-0000209,CUS-0000209,VEH-0000209,2025-11-01,2026-10-31,2025-12-31,2025,Commercial,Bank,Standard,0.0,0,0.167009,55288.12,9233.61,0.13,0.211528,166785.87
POL-0000210,CUS-0000210,VEH-0000210,2023-02-10,2024-02-09,2024-02-09,2023,Private,Agency,Standard,0.0,0,0.999316,19259.44,19246.26,0.15,0.182035,71865.61
POL-0000211,CUS-0000211,VEH-0000211,2024-05-12,2025-05-11,2025-05-11,2024,Private,Direct,Standard,0.0,4,0.999316,16757.15,16745.68,0.06,0.115436,80703.25
POL-0000212,CUS-0000212,VEH-0000212,2024-06-30,2025-06-29,2025-06-29,2024,Private,Agency,Extended,2500.0,1,0.999316,13882.13,13872.63,0.15,0.160141,58146.75
POL-0000213,CUS-0000213,VEH-0000213,2025-09-29,2026-09-28,2025-12-31,2025,Private,Agency,Extended,0.0,2,0.257358,33492.63,8619.6,0.15,0.126169,179038.37
POL-0000214,CUS-0000214,VEH-0000214,2024-04-05,2025-04-04,2025-04-04,2024,Private,Agency,Standard,5000.0,1,0.999316,23873.5,23857.16,0.15,0.164534,113473.46
POL-0000215,CUS-0000215,VEH-0000215,2025-01-24,2026-01-23,2025-12-31,2025,Private,Agency,Premium,0.0,2,0.936345,32116.07,30071.72,0.15,0.169333,152815.52
POL-0000216,CUS-0000216,VEH-0000216,2025-05-30,2026-05-29,2025-12-31,2025,Private,Direct,Standard,0.0,0,0.591376,26988.94,15960.61,0.06,0.193806,110712.9
POL-0000217,CUS-0000217,VEH-0000217,2023-11-28,2024-11-26,2024-11-26,2023,Private,Direct,Standard,0.0,0,0.999316,20532.76,20518.71,0.06,0.113832,92666.72
POL-0000218,CUS-0000218,VEH-0000218,2023-10-07,2024-10-05,2024-10-05,2023,Private,Agency,Standard,2500.0,1,0.999316,43244.53,43214.93,0.15,0.418974,70421.7
POL-0000219,CUS-0000219,VEH-0000219,2025-09-30,2026-09-29,2025-12-31,2025,Commercial,Bank,Extended,0.0,2,0.25462,50034.81,12739.87,0.13,0.215644,162918.17
POL-0000220,CUS-0000220,VEH-0000220,2024-06-22,2025-06-21,2025-06-21,2024,Private,Agency,Extended,5000.0,3,0.999316,14384.5,14374.65,0.15,0.118176,87163.99
POL-0000221,CUS-0000221,VEH-0000221,2023-06-28,2024-06-26,2024-06-26,2023,Private,Direct,Standard,0.0,2,0.999316,24942.36,24925.29,0.06,0.165901,90622.31
POL-0000222,CUS-0000222,VEH-0000222,2023-03-27,2024-03-25,2024-03-25,2023,Private,Agency,Standard,0.0,3,0.999316,10824.45,10817.04,0.15,0.114793,62838.04
POL-0000223,CUS-0000223,VEH-0000223,2024-11-06,2025-11-05,2025-11-05,2024,Fleet,Agency,Premium,0.0,1,0.999316,28649.8,28630.19,0.15,0.185727,129462.47
POL-0000224,CUS-0000224,VEH-0000224,2023-05-04,2024-05-02,2024-05-02,2023,Fleet,Agency,Standard,5000.0,1,0.999316,21372.81,21358.18,0.15,0.232703,56722.61
POL-0000225,CUS-0000225,VEH-0000225,2025-07-10,2026-07-09,2025-12-31,2025,Private,Agency,Standard,0.0,5,0.479124,15036.42,7204.31,0.15,0.10452,95646.54
POL-0000226,CUS-0000226,VEH-0000226,2025-10-16,2026-10-15,2025-12-31,2025,Private,Agency,Standard,0.0,2,0.210815,27567.55,5811.64,0.15,0.164735,108202.91
POL-0000227,CUS-0000227,VEH-0000227,2024-06-08,2025-06-07,2025-06-07,2024,Private,Agency,Extended,0.0,1,0.999316,14828.13,14817.98,0.15,0.123031,94591.44
POL-0000228,CUS-0000228,VEH-0000228,2023-08-04,2024-08-02,2024-08-02,2023,Fleet,Agency,Premium,5000.0,1,0.999316,28794.92,28775.21,0.15,0.186562,127243.02
POL-0000229,CUS-0000229,VEH-0000229,2025-06-08,2026-06-07,2025-12-31,2025,Private,Broker,Standard,0.0,1,0.566735,41210.53,23355.45,0.17,0.182952,131458.11
POL-0000230,CUS-0000230,VEH-0000230,2024-04-12,2025-04-11,2025-04-11,2024,Fleet,Agency,Extended,2500.0,4,0.999316,78918.35,78864.33,0.15,0.35477,140110.17
POL-0000231,CUS-0000231,VEH-0000231,2025-03-31,2026-03-30,2025-12-31,2025,Private,Agency,Standard,0.0,1,0.755647,16009.52,12097.54,0.15,0.099881,116040.9
POL-0000232,CUS-0000232,VEH-0000232,2024-02-26,2025-02-24,2025-02-24,2024,Private,Direct,Extended,5000.0,0,0.999316,23188.66,23172.79,0.06,0.219584,71545.43
POL-0000233,CUS-0000233,VEH-0000233,2023-05-27,2024-05-25,2024-05-25,2023,Private,Broker,Standard,10000.0,4,0.999316,5792.18,5788.22,0.17,0.112333,52411.4
POL-0000234,CUS-0000234,VEH-0000234,2024-08-17,2025-08-16,2025-08-16,2024,Private,Direct,Standard,5000.0,3,0.999316,17744.55,17732.4,0.06,0.121022,110168.55
POL-0000235,CUS-0000235,VEH-0000235,2023-11-24,2024-11-22,2024-11-22,2023,Commercial,Direct,Standard,0.0,1,0.999316,76534.77,76482.38,0.06,0.660276,85832.34
POL-0000236,CUS-0000236,VEH-0000236,2024-01-05,2025-01-03,2025-01-03,2024,Private,Direct,Extended,0.0,1,0.999316,16598.58,16587.22,0.06,0.13235,82179.33
POL-0000237,CUS-0000237,VEH-0000237,2025-03-11,2026-03-10,2025-12-31,2025,Private,Agency,Standard,0.0,2,0.810404,20434.56,16560.25,0.15,0.164057,82365.63
POL-0000238,CUS-0000238,VEH-0000238,2025-05-07,2026-05-06,2025-12-31,2025,Private,Direct,Standard,0.0,3,0.654346,25105.72,16427.84,0.06,0.127279,135330.64
POL-0000239,CUS-0000239,VEH-0000239,2025-02-03,2026-02-02,2025-12-31,2025,Private,Agency,Extended,10000.0,2,0.908966,15733.96,14301.64,0.15,0.133394,99488.14
POL-0000240,CUS-0000240,VEH-0000240,2023-11-10,2024-11-08,2024-11-08,2023,Commercial,Agency,Extended,10000.0,2,0.999316,33699.12,33676.05,0.15,0.173499,145576.14
POL-0000241,CUS-0000241,VEH-0000241,2023-08-13,2024-08-11,2024-08-11,2023,Private,Agency,Standard,0.0,1,0.999316,14780.52,14770.4,0.15,0.169474,62277.03
POL-0000242,CUS-0000242,VEH-0000242,2025-09-01,2026-08-31,2025-12-31,2025,Private,Direct,Premium,0.0,0,0.334018,18590.91,6209.69,0.06,0.162228,78765.13
POL-0000243,CUS-0000243,VEH-0000243,2025-09-16,2026-09-15,2025-12-31,2025,Private,Agency,Extended,10000.0,2,0.29295,26987.93,7906.12,0.15,0.195914,105278.14
POL-0000244,CUS-0000244,VEH-0000244,2023-12-30,2024-12-28,2024-12-28,2023,Private,Agency,Standard,2500.0,2,0.999316,18472.24,18459.6,0.15,0.161364,75923.59
POL-0000245,CUS-0000245,VEH-0000245,2024-05-20,2025-05-19,2025-05-19,2024,Private,Direct,Standard,2500.0,2,0.999316,32346.6,32324.46,0.06,0.138675,168867.25
POL-0000246,CUS-0000246,VEH-0000246,2024-04-17,2025-04-16,2025-04-16,2024,Private,Broker,Extended,5000.0,3,0.999316,9732.34,9725.68,0.17,0.08822,97130.79
POL-0000247,CUS-0000247,VEH-0000247,2025-01-13,2026-01-12,2025-12-31,2025,Private,Agency,Standard,0.0,1,0.966461,33467.78,32345.32,0.15,0.174326,132791.04
POL-0000248,CUS-0000248,VEH-0000248,2024-10-15,2025-10-14,2025-10-14,2024,Private,Agency,Extended,0.0,0,0.999316,23584.77,23568.63,0.15,0.154797,134690.88
POL-0000249,CUS-0000249,VEH-0000249,2025-04-26,2026-04-25,2025-12-31,2025,Private,Agency,Standard,0.0,4,0.684463,23433.5,16039.36,0.15,0.099156,156362.97
POL-0000250,CUS-0000250,VEH-0000250,2023-06-10,2024-06-08,2024-06-08,2023,Private,Agency,Extended,0.0,1,0.999316,32533.65,32511.38,0.15,0.19605,109577.57
