vehicle_id,vehicle_segment,vehicle_age,vehicle_value,fuel_type,annual_km
VEH-0000001,LCV,7,911000.0,Diesel,17600
VEH-0000002,LCV,6,640000.0,Petrol,17500
VEH-0000003,D-Large,3,883000.0,Diesel,16700
VEH-0000004,SUV,2,1267000.0,Petrol,14100
VEH-0000005,A-Mini,8,380000.0,Electric,6300
VEH-0000006,SUV,6,916000.0,Diesel,8000
VEH-0000007,SUV,9,890000.0,Hybrid,9000
VEH-0000008,B-Compact,11,381000.0,Petrol,7200
VEH-0000009,D-Large,14,792000.0,Hybrid,25700
VEH-0000010,B-Compact,11,219000.0,Diesel,8300
VEH-0000011,SUV,1,1843000.0,Diesel,11800
VEH-0000012,C-Medium,8,1115000.0,Petrol,8000
VEH-0000013,SUV,5,1219000.0,Petrol,9200
VEH-0000014,B-Compact,19,225000.0,Diesel,27000
VEH-0000015,C-Medium,10,619000.0,Diesel,19800
VEH-0000016,B-Compact,5,536000.0,Electric,26200
VEH-0000017,SUV,2,1285000.0,Diesel,17500
VEH-0000018,D-Large,12,918000.0,Diesel,14200
VEH-0000019,C-Medium,2,958000.0,Petrol,11900
VEH-0000020,B-Compact,5,472000.0,Diesel,16200
VEH-0000021,SUV,4,1659000.0,Hybrid,7700
VEH-0000022,SUV,6,1278000.0,Hybrid,16800
VEH-0000023,LCV,2,1258000.0,Hybrid,11700
VEH-0000024,C-Medium,5,939000.0,Petrol,12600
VEH-0000025,D-Large,3,1459000.0,Petrol,17700
VEH-0000026,C-Medium,3,882000.0,Petrol,13500
VEH-0000027,C-Medium,19,278000.0,Electric,9100
VEH-0000028,C-Medium,7,809000.0,Diesel,18100
VEH-0000029,C-Medium,3,1245000.0,Diesel,11900
VEH-0000030,C-Medium,6,916000.0,Diesel,14100
VEH-0000031,SUV,5,1513000.0,Petrol,13600
VEH-0000032,C-Medium,11,559000.0,Diesel,17500
VEH-0000033,SUV,3,1885000.0,Hybrid,22200
VEH-0000034,SUV,7,935000.0,Diesel,20600
VEH-0000035,SUV,2,1439000.0,Petrol,11500
VEH-0000036,B-Compact,5,536000.0,Hybrid,15800
VEH-0000037,B-Compact,4,530000.0,Diesel,23000
VEH-0000038,LCV,1,1489000.0,Petrol,26200
VEH-0000039,D-Large,15,877000.0,Petrol,5200
VEH-0000040,SUV,12,571000.0,Diesel,12200
VEH-0000041,B-Compact,9,429000.0,Diesel,21900
VEH-0000042,D-Large,1,1836000.0,Diesel,14400
VEH-0000043,B-Compact,17,244000.0,Diesel,19300
VEH-0000044,C-Medium,2,757000.0,Diesel,21500
VEH-0000045,A-Mini,5,417000.0,Petrol,19600
VEH-0000046,C-Medium,20,304000.0,Diesel,17300
VEH-0000047,B-Compact,1,826000.0,Diesel,9300
VEH-0000048,C-Medium,3,817000.0,Hybrid,12600
VEH-0000049,B-Compact,3,605000.0,Diesel,9300
VEH-0000050,B-Compact,5,653000.0,Diesel,18600
VEH-0000051,B-Compact,4,605000.0,Diesel,8400
VEH-0000052,SUV,3,1302000.0,Hybrid,11800
VEH-0000053,SUV,1,1586000.0,Diesel,11400
VEH-0000054,LCV,2,945000.0,Diesel,32800
VEH-0000055,C-Medium,10,456000.0,Diesel,14700
VEH-0000056,SUV,13,1157000.0,Hybrid,12900
VEH-0000057,SUV,8,989000.0,Diesel,10900
VEH-0000058,B-Compact,2,692000.0,Petrol,12000
VEH-0000059,D-Large,0,2094000.0,Diesel,14500
VEH-0000060,A-Mini,5,454000.0,Petrol,9900
VEH-0000061,B-Compact,6,650000.0,Diesel,14700
VEH-0000062,SUV,2,1422000.0,Diesel,29500
VEH-0000063,B-Compact,3,766000.0,Diesel,15600
VEH-0000064,SUV,9,958000.0,Petrol,22400
VEH-0000065,SUV,0,1807000.0,Petrol,12800
VEH-0000066,B-Compact,18,225000.0,Petrol,7100
VEH-0000067,B-Compact,17,284000.0,Petrol,12400
VEH-0000068,C-Medium,17,401000.0,Hybrid,5600
VEH-0000069,C-Medium,1,1198000.0,Diesel,21400
VEH-0000070,A-Mini,19,180000.0,Diesel,14800
VEH-0000071,SUV,4,1242000.0,Diesel,17900
VEH-0000072,C-Medium,4,1098000.0,Petrol,11100
VEH-0000073,LCV,0,1191000.0,Petrol,11100
VEH-0000074,B-Compact,7,574000.0,Petrol,15800
VEH-0000075,B-Compact,8,649000.0,Hybrid,11900
VEH-0000076,C-Medium,11,567000.0,Diesel,8100
VEH-0000077,C-Medium,14,324000.0,Electric,8900
VEH-0000078,C-Medium,5,820000.0,Petrol,29100
VEH-0000079,SUV,3,1229000.0,Petrol,15500
VEH-0000080,LCV,1,1448000.0,Diesel,13400
VEH-0000081,SUV,15,634000.0,Diesel,12900
VEH-0000082,LCV,7,652000.0,Petrol,5200
VEH-0000083,B-Compact,5,560000.0,Diesel,23000
VEH-0000084,D-Large,2,1921000.0,Hybrid,16900
VEH-0000085,B-Compact,5,565000.0,Diesel,12900
VEH-0000086,A-Mini,6,472000.0,Diesel,24900
VEH-0000087,A-Mini,3,563000.0,Electric,16800
VEH-0000088,C-Medium,12,556000.0,Electric,17500
VEH-0000089,SUV,8,1056000.0,Diesel,25400
VEH-0000090,B-Compact,18,287000.0,Petrol,19400
VEH-0000091,B-Compact,2,747000.0,Hybrid,8900
VEH-0000092,B-Compact,12,460000.0,Diesel,14500
VEH-0000093,C-Medium,2,1302000.0,Petrol,25800
VEH-0000094,C-Medium,14,587000.0,Diesel,7200
VEH-0000095,D-Large,14,681000.0,Hybrid,18500
VEH-0000096,D-Large,5,1159000.0,Petrol,54300
VEH-0000097,C-Medium,12,747000.0,Diesel,22300
VEH-0000098,C-Medium,15,327000.0,Petrol,12900
VEH-0000099,SUV,7,949000.0,Diesel,21400
VEH-0000100,B-Compact,4,597000.0,Diesel,29400
VEH-0000101,LCV,10,425000.0,Petrol,8800
VEH-0000102,A-Mini,5,382000.0,Electric,7500
VEH-0000103,SUV,7,881000.0,Diesel,20100
VEH-0000104,C-Medium,4,1157000.0,Hybrid,30800
VEH-0000105,C-Medium,2,853000.0,Petrol,18300
VEH-0000106,C-Medium,12,553000.0,Petrol,8500
VEH-0000107,SUV,4,1476000.0,Hybrid,22100
VEH-0000108,C-Medium,7,850000.0,Diesel,18900
VEH-0000109,C-Medium,20,362000.0,Diesel,17200
VEH-0000110,SUV,7,1009000.0,Petrol,10500
VEH-0000111,C-Medium,0,1209000.0,Petrol,20500
VEH-0000112,LCV,9,631000.0,Diesel,27100
VEH-0000113,B-Compact,1,841000.0,Diesel,24800
VEH-0000114,B-Compact,15,312000.0,Diesel,31700
VEH-0000115,B-Compact,8,495000.0,Diesel,15500
VEH-0000116,B-Compact,1,771000.0,Diesel,9700
VEH-0000117,C-Medium,10,640000.0,Diesel,9000
VEH-0000118,C-Medium,7,851000.0,Petrol,20200
VEH-0000119,B-Compact,5,538000.0,Petrol,12900
VEH-0000120,B-Compact,13,310000.0,Hybrid,11700
VEH-0000121,B-Compact,8,569000.0,Petrol,15300
VEH-0000122,C-Medium,12,408000.0,Petrol,16600
VEH-0000123,D-Large,2,1541000.0,Petrol,17300
VEH-0000124,B-Compact,12,336000.0,Diesel,14800
VEH-0000125,C-Medium,11,436000.0,Petrol,7300
VEH-0000126,C-Medium,1,1181000.0,Petrol,15500
VEH-0000127,C-Medium,2,1342000.0,Hybrid,8600
VEH-0000128,SUV,8,755000.0,Diesel,12600
VEH-0000129,C-Medium,9,427000.0,Diesel,16400
VEH-0000130,LCV,0,920000.0,Petrol,9000
VEH-0000131,A-Mini,3,637000.0,Diesel,22100
VEH-0000132,B-Compact,4,699000.0,Diesel,8100
VEH-0000133,SUV,4,1215000.0,Diesel,15800
VEH-0000134,LCV,3,895000.0,Petrol,20300
VEH-0000135,B-Compact,0,818000.0,Diesel,27400
VEH-0000136,LCV,2,999000.0,Diesel,13200
VEH-0000137,C-Medium,0,1248000.0,Petrol,28000
VEH-0000138,A-Mini,2,484000.0,Diesel,21500
VEH-0000139,B-Compact,5,679000.0,Petrol,6300
VEH-0000140,B-Compact,6,574000.0,Petrol,34500
VEH-0000141,SUV,2,1285000.0,Hybrid,10100
VEH-0000142,SUV,3,1089000.0,Petrol,15700
VEH-0000143,B-Compact,6,595000.0,Petrol,10200
VEH-0000144,C-Medium,15,326000.0,Diesel,9900
VEH-0000145,SUV,5,869000.0,Diesel,17800
VEH-0000146,SUV,9,871000.0,Electric,17000
VEH-0000147,D-Large,5,1410000.0,Petrol,24900
VEH-0000148,C-Medium,2,1166000.0,Diesel,17100
VEH-0000149,C-Medium,11,745000.0,Petrol,30800
VEH-0000150,A-Mini,2,358000.0,Diesel,13400
VEH-0000151,A-Mini,4,508000.0,Electric,22000
VEH-0000152,B-Compact,7,532000.0,Petrol,10200
VEH-0000153,C-Medium,5,1028000.0,Petrol,12600
VEH-0000154,C-Medium,5,883000.0,Petrol,15000
VEH-0000155,D-Large,3,1744000.0,Diesel,13200
VEH-0000156,D-Large,8,1474000.0,Hybrid,7100
VEH-0000157,B-Compact,2,800000.0,Petrol,9700
VEH-0000158,C-Medium,5,874000.0,Electric,8300
VEH-0000159,B-Compact,5,444000.0,Diesel,19900
VEH-0000160,LCV,9,443000.0,Diesel,13400
VEH-0000161,SUV,11,618000.0,Diesel,11000
VEH-0000162,B-Compact,12,301000.0,Electric,18800
VEH-0000163,B-Compact,10,325000.0,Petrol,21900
VEH-0000164,B-Compact,3,593000.0,Diesel,11700
VEH-0000165,SUV,6,1342000.0,Diesel,15900
VEH-0000166,SUV,2,1310000.0,Petrol,16100
VEH-0000167,B-Compact,13,413000.0,Hybrid,5400
VEH-0000168,LCV,2,835000.0,Petrol,13900
VEH-0000169,C-Medium,13,551000.0,Electric,8000
VEH-0000170,B-Compact,8,590000.0,Electric,5600
VEH-0000171,C-Medium,7,876000.0,Hybrid,17400
VEH-0000172,B-Compact,1,676000.0,Diesel,14700
VEH-0000173,C-Medium,6,787000.0,Petrol,15600
VEH-0000174,B-Compact,1,722000.0,Petrol,21300
VEH-0000175,C-Medium,12,459000.0,Petrol,8100
VEH-0000176,SUV,16,498000.0,Diesel,5800
VEH-0000177,C-Medium,9,618000.0,Hybrid,18200
VEH-0000178,C-Medium,3,918000.0,Petrol,9800
VEH-0000179,SUV,5,954000.0,Diesel,10100
VEH-0000180,C-Medium,15,564000.0,Diesel,20100
VEH-0000181,C-Medium,14,597000.0,Petrol,16500
VEH-0000182,SUV,3,1385000.0,Hybrid,18200
VEH-0000183,SUV,10,1119000.0,Electric,12800
VEH-0000184,C-Medium,2,1218000.0,Petrol,10500
VEH-0000185,B-Compact,10,418000.0,Diesel,13700
VEH-0000186,SUV,6,994000.0,Diesel,14000
VEH-0000187,B-Compact,6,507000.0,Petrol,8100
VEH-0000188,SUV,6,1345000.0,Petrol,10600
VEH-0000189,B-Compact,5,734000.0,Petrol,9700
VEH-0000190,C-Medium,4,1105000.0,Diesel,13500
VEH-0000191,B-Compact,4,609000.0,Hybrid,18900
VEH-0000192,SUV,14,818000.0,Hybrid,32700
VEH-0000193,C-Medium,2,971000.0,Diesel,15500
VEH-0000194,C-Medium,16,397000.0,Petrol,15900
VEH-0000195,C-Medium,3,900000.0,Petrol,10900
VEH-0000196,B-Compact,8,499000.0,Electric,24900
VEH-0000197,C-Medium,5,729000.0,Diesel,15500
VEH-0000198,SUV,5,1043000.0,Diesel,15600
VEH-0000199,B-Compact,2,550000.0,Petrol,12400
VEH-0000200,B-Compact,13,413000.0,Diesel,7300
VEH-0000201,B-Compact,1,1125000.0,Petrol,17900
VEH-0000202,C-Medium,17,456000.0,Diesel,18400
VEH-0000203,LCV,7,919000.0,Petrol,15700
VEH-0000204,D-Large,13,766000.0,Petrol,11200
VEH-0000205,B-Compact,16,235000.0,Petrol,6600
VEH-0000206,SUV,1,1995000.0,Diesel,24600
VEH-0000207,B-Compact,5,603000.0,Diesel,18800
VEH-0000208,C-Medium,4,812000.0,Petrol,13900
VEH-0000209,LCV,4,834000.0,Petrol,10000
VEH-0000210,B-Compact,2,860000.0,Diesel,12300
VEH-0000211,A-Mini,3,565000.0,Petrol,15400
VEH-0000212,B-Compact,18,251000.0,Petrol,9900
VEH-0000213,C-Medium,4,1032000.0,Hybrid,11300
VEH-0000214,D-Large,5,1095000.0,Hybrid,19800
VEH-0000215,C-Medium,5,911000.0,Petrol,18000
VEH-0000216,B-Compact,4,606000.0,Electric,16600
VEH-0000217,SUV,8,935000.0,Petrol,5000
VEH-0000218,LCV,11,592000.0,Hybrid,23600
VEH-0000219,LCV,3,731000.0,Diesel,12800
VEH-0000220,LCV,9,524000.0,Hybrid,8200
VEH-0000221,C-Medium,3,1108000.0,Diesel,22600
VEH-0000222,LCV,8,646000.0,Diesel,13000
VEH-0000223,B-Compact,2,733000.0,Petrol,18900
VEH-0000224,C-Medium,15,493000.0,Petrol,11100
VEH-0000225,B-Compact,13,427000.0,Petrol,11700
VEH-0000226,A-Mini,4,471000.0,Diesel,16600
VEH-0000227,B-Compact,7,608000.0,Petrol,13000
VEH-0000228,SUV,6,1335000.0,Diesel,10400
VEH-0000229,C-Medium,3,794000.0,Hybrid,23500
VEH-0000230,C-Medium,3,1351000.0,Diesel,18300
VEH-0000231,C-Medium,9,718000.0,Diesel,5800
VEH-0000232,B-Compact,7,433000.0,Hybrid,17800
VEH-0000233,B-Compact,6,427000.0,Diesel,18600
VEH-0000234,C-Medium,5,877000.0,Diesel,13500
VEH-0000235,D-Large,14,684000.0,Diesel,17500
VEH-0000236,SUV,11,581000.0,Diesel,6800
VEH-0000237,B-Compact,11,385000.0,Petrol,16400
VEH-0000238,C-Medium,8,873000.0,Petrol,10200
VEH-0000239,B-Compact,6,476000.0,Petrol,11900
VEH-0000240,C-Medium,2,1503000.0,Petrol,8100
VEH-0000241,B-Compact,9,515000.0,Diesel,21600
VEH-0000242,B-Compact,15,195000.0,Petrol,10700
VEH-0000243,B-Compact,12,393000.0,Petrol,15400
VEH-0000244,C-Medium,9,624000.0,Hybrid,23300
VEH-0000245,D-Large,0,2163000.0,Hybrid,12000
VEH-0000246,C-Medium,7,694000.0,Electric,4700
VEH-0000247,SUV,9,998000.0,Petrol,26400
VEH-0000248,LCV,4,977000.0,Petrol,14800
VEH-0000249,SUV,3,1184000.0,Hybrid,11400
VEH-0000250,SUV,3,1316000.0,Diesel,28800
