accident_quarter,0,1,2,3,4,5,6,7,8,9,10,11
2023Q1,1250764.51,2310664.57,2883292.6999999997,471688.89,159188.18,78605.39,26288.550000000003,17592.35,0.0,0.0,0.0,0.0
2023Q2,6083308.76,6832221.57,5387615.23,1225968.53,941825.54,87051.28,0.0,0.0,199010.04,0.0,0.0,
2023Q3,7281277.48,20373442.87,7726927.72,2979727.74,1634468.88,1596239.41,269795.9,46525.55,0.0,0.0,,
2023Q4,12812254.37,28323727.25,15930979.46,4274847.82,3948830.66,606661.39,19412.01,3846.85,0.0,,,
2024Q1,14341324.99,29392228.47,13569821.85,10614109.98,2118870.92,1748463.96,890779.01,1091629.73,,,,
2024Q2,14807532.88,34367024.82,21241062.4,7383624.96,3312412.0700000003,926839.03,25198.86,,,,,
2024Q3,19616486.42,32774001.05,17867108.61,15782049.09,2575045.71,1677508.77,,,,,,
2024Q4,16975552.49,33291858.76,15629860.2,9330257.01,3578388.86,,,,,,,
2025Q1,16920683.74,33273277.52,23072224.03,10775412.58,,,,,,,,
2025Q2,18576971.6,43345541.27,27096033.28,,,,,,,,,
2025Q3,22604244.72,47136777.4,,,,,,,,,,
2025Q4,22239574.64,,,,,,,,,,,
