accident_quarter,development_quarter,cumulative_paid
2023Q1,0,1250764.51
2023Q2,0,6083308.76
2023Q3,0,7281277.48
2023Q4,0,12812254.37
2024Q1,0,14341324.99
2024Q2,0,14807532.88
2024Q3,0,19616486.42
2024Q4,0,16975552.49
2025Q1,0,16920683.74
2025Q2,0,18576971.6
2025Q3,0,22604244.72
2025Q4,0,22239574.64
2023Q1,1,3561429.08
2023Q2,1,12915530.33
2023Q3,1,27654720.35
2023Q4,1,41135981.62
2024Q1,1,43733553.46
2024Q2,1,49174557.7
2024Q3,1,52390487.47
2024Q4,1,50267411.25
2025Q1,1,50193961.26
2025Q2,1,61922512.870000005
2025Q3,1,69741022.12
2023Q1,2,6444721.779999999
2023Q2,2,18303145.56
2023Q3,2,35381648.07
2023Q4,2,57066961.08
2024Q1,2,57303375.31
2024Q2,2,70415620.1
2024Q3,2,70257596.08
2024Q4,2,65897271.45
2025Q1,2,73266185.28999999
2025Q2,2,89018546.15
2023Q1,3,6916410.669999999
2023Q2,3,19529114.090000004
2023Q3,3,38361375.81
2023Q4,3,61341808.9
2024Q1,3,67917485.29
2024Q2,3,77799245.05999999
2024Q3,3,86039645.17
2024Q4,3,75227528.46000001
2025Q1,3,84041597.86999999
2023Q1,4,7075598.849999999
2023Q2,4,20470939.630000003
2023Q3,4,39995844.690000005
2023Q4,4,65290639.56
2024Q1,4,70036356.21000001
2024Q2,4,81111657.13
2024Q3,4,88614690.88
2024Q4,4,78805917.32000001
2023Q1,5,7154204.239999998
2023Q2,5,20557990.910000004
2023Q3,5,41592084.1
2023Q4,5,65897300.95
2024Q1,5,71784820.17
2024Q2,5,82038496.16
2024Q3,5,90292199.65
2023Q1,6,7180492.789999998
2023Q2,6,20557990.910000004
2023Q3,6,41861880.0
2023Q4,6,65916712.96
2024Q1,6,72675599.18
2024Q2,6,82063695.02
2023Q1,7,7198085.139999998
2023Q2,7,20557990.910000004
2023Q3,7,41908405.55
2023Q4,7,65920559.81
2024Q1,7,73767228.91000001
2023Q1,8,7198085.139999998
2023Q2,8,20757000.950000003
2023Q3,8,41908405.55
2023Q4,8,65920559.81
2023Q1,9,7198085.139999998
2023Q2,9,20757000.950000003
2023Q3,9,41908405.55
2023Q1,10,7198085.139999998
2023Q2,10,20757000.950000003
2023Q1,11,7198085.139999998
