accident_quarter,latest_development_quarter,latest_paid,chain_ladder_ultimate,chain_ladder_ibnr,reported_percentage,earned_premium,expected_ultimate,bf_ultimate,bf_ibnr,synthetic_true_ultimate,chain_ladder_error_pct,bf_error_pct
2023Q1,11,7198085.14,7198085.14,0.0,1.0,87711420.01,59643765.6068,7198085.14,0.0,7198085.14,-0.0,-0.0
2023Q2,10,20757000.95,20757000.95,0.0,1.0,93465989.24,63556872.6832,20757000.95,0.0,20757000.89,0.0,0.0
2023Q3,9,41908405.55,41908405.55,0.0,1.0,101036374.66,68704734.7688,41908405.55,0.0,42209798.64,-0.00714,-0.00714
2023Q4,8,65920559.81,65920559.81,0.0,1.0,108863071.35,74026888.518,65920559.81,0.0,65920559.83,-0.0,-0.0
2024Q1,7,73767228.91,73875503.532506,108274.622506,0.998534,113244765.59,77006440.6012,73880092.347647,112863.437647,74046817.74,-0.002314,-0.002252
2024Q2,6,82063695.02,82641897.505251,578202.485251,0.993004,122283395.45,83152708.906,82645471.387632,581776.367632,82131163.12,0.006219,0.006262
2024Q3,5,90292199.65,91315805.049583,1023605.399583,0.98879,136606517.4,92892431.832,91333478.262744,1041278.612744,90686387.58,0.006941,0.007135
2024Q4,4,78805917.32,81137027.865243,2331110.545243,0.971269,143698364.08,97714887.5744,81613318.710525,2807401.390525,81516608.75,-0.004656,0.001186
2025Q1,3,84041597.87,90177214.897423,6135617.027423,0.93196,134063888.93,91163444.4724,90244317.512868,6202719.642868,97207641.53,-0.072324,-0.071634
2025Q2,2,89018546.15,108728206.25634,19709660.10634,0.818725,101363904.48,68927455.0464,101513341.73006,12494795.58006,108545950.85,0.001679,-0.064789
2025Q3,1,69741022.12,117786713.704259,48045691.584259,0.592096,66883634.67,45480871.5756,88292859.249874,18551837.129874,117711540.39,0.000639,-0.249922
2025Q4,0,22239574.64,114887220.271564,92647645.631564,0.193577,20939220.17,14238669.7156,33721959.042352,11482384.402352,108278330.34,0.061036,-0.688562
